{
    "cities": [
        {
            "id": "city:MOSCOW",
            "name": "Moscow",
            "population": 12737400,
            "lat": 55.7522,
            "lon": 37.6156
        },
        {
            "id": "city:PARIS",
            "name": "Paris",
            "population": 11346800,
            "lat": 48.8534,
            "lon": 2.3488
        },
        {
            "id": "city:LONDON",
            "name": "London",
            "population": 9840740,
            "lat": 51.5085,
            "lon": -0.12574
        },
        {
            "id": "city:MADRID",
            "name": "Madrid",
            "population": 6810530,
            "lat": 40.4165,
            "lon": -3.70256
        },
        {
            "id": "city:BARCELONA",
            "name": "Barcelona",
            "population": 5733250,
            "lat": 41.3888,
            "lon": 2.15899
        },
        {
            "id": "city:SAINT_PETERSBURG",
            "name": "Saint Petersburg",
            "population": 5597340,
            "lat": 59.9386,
            "lon": 30.3141
        },
        {
            "id": "city:ROME",
            "name": "Rome",
            "population": 4347100,
            "lat": 41.8919,
            "lon": 12.5113
        },
        {
            "id": "city:BERLIN",
            "name": "Berlin",
            "population": 3580190,
            "lat": 52.5244,
            "lon": 13.4105
        },
        {
            "id": "city:MILAN",
            "name": "Milan",
            "population": 3167450,
            "lat": 45.4643,
            "lon": 9.18951
        },
        {
            "id": "city:ATHENS",
            "name": "Athens",
            "population": 3155320,
            "lat": 37.9795,
            "lon": 23.7162
        },
        {
            "id": "city:LISBON",
            "name": "Lisbon",
            "population": 3028270,
            "lat": 38.7167,
            "lon": -9.13333
        },
        {
            "id": "city:KIEV",
            "name": "Kiev",
            "population": 3018160,
            "lat": 50.4547,
            "lon": 30.5238
        },
        {
            "id": "city:MANCHESTER",
            "name": "Manchester",
            "population": 2832580,
            "lat": 53.4809,
            "lon": -2.23743
        },
        {
            "id": "city:BIRMINGHAM",
            "name": "Birmingham",
            "population": 2704620,
            "lat": 52.4814,
            "lon": -1.89983
        },
        {
            "id": "city:NAPLES",
            "name": "Naples",
            "population": 2182170,
            "lat": 40.8522,
            "lon": 14.2681
        },
        {
            "id": "city:BRUSSELS",
            "name": "Brussels",
            "population": 2141520,
            "lat": 50.8504,
            "lon": 4.34878
        },
        {
            "id": "city:MINSK",
            "name": "Minsk",
            "population": 2070930,
            "lat": 53.9,
            "lon": 27.5667
        },
        {
            "id": "city:VIENNA",
            "name": "Vienna",
            "population": 2005500,
            "lat": 48.2085,
            "lon": 16.3721
        },
        {
            "id": "city:TURIN",
            "name": "Turin",
            "population": 1809850,
            "lat": 45.0705,
            "lon": 7.68682
        },
        {
            "id": "city:WARSAW",
            "name": "Warsaw",
            "population": 1800230,
            "lat": 52.2298,
            "lon": 21.0118
        },
        {
            "id": "city:HAMBURG",
            "name": "Hamburg",
            "population": 1787710,
            "lat": 53.5753,
            "lon": 10.0153
        },
        {
            "id": "city:LYON",
            "name": "Lyon",
            "population": 1787230,
            "lat": 45.7485,
            "lon": 4.84671
        },
        {
            "id": "city:BUDAPEST",
            "name": "Budapest",
            "population": 1782240,
            "lat": 47.498,
            "lon": 19.0399
        },
        {
            "id": "city:BUCHAREST",
            "name": "Bucharest",
            "population": 1758700,
            "lat": 44.4323,
            "lon": 26.1063
        },
        {
            "id": "city:STOCKHOLM",
            "name": "Stockholm",
            "population": 1737760,
            "lat": 59.3326,
            "lon": 18.0649
        },
        {
            "id": "city:GLASGOW",
            "name": "Glasgow",
            "population": 1718940,
            "lat": 55.8652,
            "lon": -4.25763
        },
        {
            "id": "city:NOVOSIBIRSK",
            "name": "Novosibirsk",
            "population": 1706660,
            "lat": 55.0415,
            "lon": 82.9346
        },
        {
            "id": "city:MARSEILLE",
            "name": "Marseille",
            "population": 1644610,
            "lat": 43.297,
            "lon": 5.38107
        },
        {
            "id": "city:MUNICH",
            "name": "Munich",
            "population": 1590890,
            "lat": 48.1374,
            "lon": 11.5755
        },
        {
            "id": "city:YEKATERINBURG",
            "name": "Yekaterinburg",
            "population": 1537000,
            "lat": 56.8519,
            "lon": 60.6122
        },
        {
            "id": "city:ZURICH",
            "name": "Zurich",
            "population": 1455100,
            "lat": 47.3667,
            "lon": 8.55
        },
        {
            "id": "city:KHARKIV",
            "name": "Kharkiv",
            "population": 1415820,
            "lat": 49.9808,
            "lon": 36.2527
        },
        {
            "id": "city:BELGRADE",
            "name": "Belgrade",
            "population": 1412950,
            "lat": 44.804,
            "lon": 20.4651
        },
        {
            "id": "city:COPENHAGEN",
            "name": "Copenhagen",
            "population": 1400740,
            "lat": 55.6759,
            "lon": 12.5655
        },
        {
            "id": "city:HELSINKI",
            "name": "Helsinki",
            "population": 1354890,
            "lat": 60.1695,
            "lon": 24.9354
        },
        {
            "id": "city:PORTO",
            "name": "Porto",
            "population": 1334200,
            "lat": 41.1496,
            "lon": -8.61099
        },
        {
            "id": "city:PRAGUE",
            "name": "Prague",
            "population": 1331940,
            "lat": 50.088,
            "lon": 14.4208
        },
        {
            "id": "city:KAZAN",
            "name": "Kazan",
            "population": 1299580,
            "lat": 55.7887,
            "lon": 49.1221
        },
        {
            "id": "city:DUBLIN",
            "name": "Dublin",
            "population": 1299110,
            "lat": 53.3331,
            "lon": -6.24889
        },
        {
            "id": "city:SOFIA",
            "name": "Sofia",
            "population": 1286460,
            "lat": 42.6975,
            "lon": 23.3242
        },
        {
            "id": "city:NIZHNIY_NOVGOROD",
            "name": "Nizhniy Novgorod",
            "population": 1249760,
            "lat": 56.3287,
            "lon": 44.002
        },
        {
            "id": "city:CHELYABINSK",
            "name": "Chelyabinsk",
            "population": 1246210,
            "lat": 55.154,
            "lon": 61.4291
        },
        {
            "id": "city:AMSTERDAM",
            "name": "Amsterdam",
            "population": 1189200,
            "lat": 52.374,
            "lon": 4.88969
        },
        {
            "id": "city:OMSK",
            "name": "Omsk",
            "population": 1180820,
            "lat": 54.9924,
            "lon": 73.3686
        },
        {
            "id": "city:KRASNOYARSK",
            "name": "Krasnoyarsk",
            "population": 1177840,
            "lat": 56.0184,
            "lon": 92.8672
        },
        {
            "id": "city:SAMARA",
            "name": "Samara",
            "population": 1153710,
            "lat": 53.2001,
            "lon": 50.15
        },
        {
            "id": "city:UFA",
            "name": "Ufa",
            "population": 1148400,
            "lat": 54.7431,
            "lon": 55.9678
        },
        {
            "id": "city:OSLO",
            "name": "Oslo",
            "population": 1115580,
            "lat": 59.9127,
            "lon": 10.7461
        },
        {
            "id": "city:LILLE",
            "name": "Lille",
            "population": 1091590,
            "lat": 50.633,
            "lon": 3.05858
        },
        {
            "id": "city:VORONEZH",
            "name": "Voronezh",
            "population": 1086000,
            "lat": 51.672,
            "lon": 39.1843
        },
        {
            "id": "city:PERM",
            "name": "Perm",
            "population": 1085990,
            "lat": 58.0105,
            "lon": 56.2502
        },
        {
            "id": "city:TOULOUSE",
            "name": "Toulouse",
            "population": 1080180,
            "lat": 43.6043,
            "lon": 1.44367
        },
        {
            "id": "city:ROSTOV-NA-DONU",
            "name": "Rostov-na-Donu",
            "population": 1074482,
            "lat": 47.2313,
            "lon": 39.7233
        },
        {
            "id": "city:ANTWERP",
            "name": "Antwerp",
            "population": 1064870,
            "lat": 51.2199,
            "lon": 4.40346
        },
        {
            "id": "city:ROTTERDAM",
            "name": "Rotterdam",
            "population": 1026250,
            "lat": 51.9225,
            "lon": 4.47917
        },
        {
            "id": "city:BORDEAUX",
            "name": "Bordeaux",
            "population": 1018070,
            "lat": 44.8404,
            "lon": -0.5805
        },
        {
            "id": "city:KRASNODAR",
            "name": "Krasnodar",
            "population": 1017530,
            "lat": 45.0448,
            "lon": 38.976
        },
        {
            "id": "city:ODESSA",
            "name": "Odessa",
            "population": 1001558,
            "lat": 46.4775,
            "lon": 30.7326
        },
        {
            "id": "city:VOLGOGRAD",
            "name": "Volgograd",
            "population": 992268,
            "lat": 48.7194,
            "lon": 44.5018
        },
        {
            "id": "city:SOUTHAMPTON",
            "name": "Southampton",
            "population": 966741,
            "lat": 50.9039,
            "lon": -1.40428
        },
        {
            "id": "city:KOELN",
            "name": "Koeln",
            "population": 963395,
            "lat": 50.9333,
            "lon": 6.95
        },
        {
            "id": "city:NICE",
            "name": "Nice",
            "population": 956195,
            "lat": 43.7031,
            "lon": 7.26608
        },
        {
            "id": "city:DNIPRO",
            "name": "Dnipro",
            "population": 931255,
            "lat": 48.4593,
            "lon": 35.0387
        },
        {
            "id": "city:LIVERPOOL",
            "name": "Liverpool",
            "population": 928997,
            "lat": 53.4106,
            "lon": -2.97794
        },
        {
            "id": "city:TYUMEN",
            "name": "Tyumen",
            "population": 926519,
            "lat": 57.1522,
            "lon": 65.5272
        },
        {
            "id": "city:BERGAMO",
            "name": "Bergamo",
            "population": 923221,
            "lat": 45.696,
            "lon": 9.66721
        },
        {
            "id": "city:DONETSK",
            "name": "Donetsk",
            "population": 876063,
            "lat": 48.023,
            "lon": 37.8022
        },
        {
            "id": "city:PALERMO",
            "name": "Palermo",
            "population": 851282,
            "lat": 38.132,
            "lon": 13.3356
        },
        {
            "id": "city:VALENCIA",
            "name": "Valencia",
            "population": 841354,
            "lat": 39.4697,
            "lon": -0.37739
        },
        {
            "id": "city:SARATOV",
            "name": "Saratov",
            "population": 837323,
            "lat": 51.5406,
            "lon": 46.0086
        },
        {
            "id": "city:NEWCASTLE_UPON_TYNE",
            "name": "Newcastle upon Tyne",
            "population": 834242,
            "lat": 54.9733,
            "lon": -1.61396
        },
        {
            "id": "city:NOTTINGHAM",
            "name": "Nottingham",
            "population": 819334,
            "lat": 52.9536,
            "lon": -1.15047
        },
        {
            "id": "city:BOLOGNA",
            "name": "Bologna",
            "population": 819297,
            "lat": 44.4938,
            "lon": 11.3387
        },
        {
            "id": "city:THESSALONIKI",
            "name": "Thessaloniki",
            "population": 815472,
            "lat": 40.6436,
            "lon": 22.9309
        },
        {
            "id": "city:ZAPORIZHIA",
            "name": "Zaporizhia",
            "population": 796217,
            "lat": 47.8229,
            "lon": 35.1903
        },
        {
            "id": "city:KRAKOW",
            "name": "Krakow",
            "population": 769375,
            "lat": 50.0614,
            "lon": 19.9366
        },
        {
            "id": "city:SHEFFIELD",
            "name": "Sheffield",
            "population": 756783,
            "lat": 53.383,
            "lon": -1.4659
        },
        {
            "id": "city:ZARAGOZA",
            "name": "Zaragoza",
            "population": 742924,
            "lat": 41.6561,
            "lon": -0.87734
        },
        {
            "id": "city:THE_HAGUE",
            "name": "The Hague",
            "population": 724903,
            "lat": 52.0767,
            "lon": 4.29861
        },
        {
            "id": "city:BRISTOL",
            "name": "Bristol",
            "population": 720052,
            "lat": 51.4552,
            "lon": -2.59665
        },
        {
            "id": "city:LVIV",
            "name": "Lviv",
            "population": 718308,
            "lat": 49.8383,
            "lon": 24.0232
        },
        {
            "id": "city:FLORENCE",
            "name": "Florence",
            "population": 713615,
            "lat": 43.7793,
            "lon": 11.2463
        },
        {
            "id": "city:NANTES",
            "name": "Nantes",
            "population": 711464,
            "lat": 47.2173,
            "lon": -1.55336
        },
        {
            "id": "city:SEVILLA",
            "name": "Sevilla",
            "population": 703206,
            "lat": 37.3828,
            "lon": -5.97317
        },
        {
            "id": "city:TOL'YATTI",
            "name": "Tol'yatti",
            "population": 702879,
            "lat": 53.5303,
            "lon": 49.3461
        },
        {
            "id": "city:PADOVA",
            "name": "Padova",
            "population": 700391,
            "lat": 45.408,
            "lon": 11.8859
        },
        {
            "id": "city:LIEGE",
            "name": "Liege",
            "population": 688582,
            "lat": 50.6337,
            "lon": 5.56749
        },
        {
            "id": "city:ZAGREB",
            "name": "Zagreb",
            "population": 684359,
            "lat": 45.8144,
            "lon": 15.978
        },
        {
            "id": "city:GENOA",
            "name": "Genoa",
            "population": 674241,
            "lat": 44.4048,
            "lon": 8.94439
        },
        {
            "id": "city:BUSTO_ARSIZIO",
            "name": "Busto Arsizio",
            "population": 668674,
            "lat": 45.6113,
            "lon": 8.84914
        },
        {
            "id": "city:IZHEVSK",
            "name": "Izhevsk",
            "population": 652790,
            "lat": 56.8498,
            "lon": 53.2045
        },
        {
            "id": "city:BELFAST",
            "name": "Belfast",
            "population": 651982,
            "lat": 54.5968,
            "lon": -5.92541
        },
        {
            "id": "city:LODZ",
            "name": "Lodz",
            "population": 650066,
            "lat": 51.7706,
            "lon": 19.4739
        },
        {
            "id": "city:FRANKFURT_AM_MAIN",
            "name": "Frankfurt am Main",
            "population": 650000,
            "lat": 50.1155,
            "lon": 8.68417
        },
        {
            "id": "city:IRKUTSK",
            "name": "Irkutsk",
            "population": 648468,
            "lat": 52.2978,
            "lon": 104.296
        },
        {
            "id": "city:GENEVA",
            "name": "Geneva",
            "population": 644513,
            "lat": 46.2022,
            "lon": 6.14569
        },
        {
            "id": "city:KHABAROVSK",
            "name": "Khabarovsk",
            "population": 644284,
            "lat": 48.4827,
            "lon": 135.084
        },
        {
            "id": "city:VERONA",
            "name": "Verona",
            "population": 644081,
            "lat": 45.4299,
            "lon": 10.9844
        },
        {
            "id": "city:GOTHENBURG",
            "name": "Gothenburg",
            "population": 643993,
            "lat": 57.7072,
            "lon": 11.9668
        },
        {
            "id": "city:DUESSELDORF",
            "name": "Duesseldorf",
            "population": 642888,
            "lat": 51.2217,
            "lon": 6.77616
        },
        {
            "id": "city:BARNAUL",
            "name": "Barnaul",
            "population": 642415,
            "lat": 53.3606,
            "lon": 83.7636
        },
        {
            "id": "city:WROCLAW",
            "name": "Wroclaw",
            "population": 642228,
            "lat": 51.1,
            "lon": 17.0333
        },
        {
            "id": "city:SEREGNO",
            "name": "Seregno",
            "population": 638979,
            "lat": 45.65,
            "lon": 9.20548
        },
        {
            "id": "city:STUTTGART",
            "name": "Stuttgart",
            "population": 636840,
            "lat": 48.7823,
            "lon": 9.17702
        },
        {
            "id": "city:BRIGHTON",
            "name": "Brighton",
            "population": 632475,
            "lat": 50.8284,
            "lon": -0.13947
        },
        {
            "id": "city:BARI",
            "name": "Bari",
            "population": 625606,
            "lat": 41.1115,
            "lon": 16.8554
        },
        {
            "id": "city:ULYANOVSK",
            "name": "Ulyanovsk",
            "population": 622745,
            "lat": 54.3282,
            "lon": 48.3866
        },
        {
            "id": "city:SKOPJE",
            "name": "Skopje",
            "population": 620825,
            "lat": 41.9965,
            "lon": 21.4314
        },
        {
            "id": "city:RIGA",
            "name": "Riga",
            "population": 615764,
            "lat": 56.946,
            "lon": 24.1059
        },
        {
            "id": "city:YAROSLAVL",
            "name": "Yaroslavl",
            "population": 613355,
            "lat": 57.6299,
            "lon": 39.8737
        },
        {
            "id": "city:TOMSK",
            "name": "Tomsk",
            "population": 611949,
            "lat": 56.4977,
            "lon": 84.9744
        },
        {
            "id": "city:VLADIVOSTOK",
            "name": "Vladivostok",
            "population": 609863,
            "lat": 43.1056,
            "lon": 131.874
        },
        {
            "id": "city:LEIPZIG",
            "name": "Leipzig",
            "population": 609135,
            "lat": 51.3396,
            "lon": 12.3713
        },
        {
            "id": "city:MAKHACHKALA",
            "name": "Makhachkala",
            "population": 602853,
            "lat": 42.9764,
            "lon": 47.5024
        },
        {
            "id": "city:MALAGA",
            "name": "Malaga",
            "population": 595139,
            "lat": 36.7202,
            "lon": -4.42034
        },
        {
            "id": "city:KRYVYI_RIH",
            "name": "Kryvyi Rih",
            "population": 594834,
            "lat": 47.9097,
            "lon": 33.3804
        },
        {
            "id": "city:DRESDEN",
            "name": "Dresden",
            "population": 594326,
            "lat": 51.0509,
            "lon": 13.7383
        },
        {
            "id": "city:TOULON",
            "name": "Toulon",
            "population": 592764,
            "lat": 43.1244,
            "lon": 5.92836
        },
        {
            "id": "city:DORTMUND",
            "name": "Dortmund",
            "population": 590432,
            "lat": 51.5149,
            "lon": 7.466
        },
        {
            "id": "city:CATANIA",
            "name": "Catania",
            "population": 588820,
            "lat": 37.4922,
            "lon": 15.0704
        },
        {
            "id": "city:ESSEN",
            "name": "Essen",
            "population": 580594,
            "lat": 51.4566,
            "lon": 7.01228
        },
        {
            "id": "city:BASEL",
            "name": "Basel",
            "population": 578727,
            "lat": 47.5584,
            "lon": 7.57327
        },
        {
            "id": "city:KHABAROVSK_VTOROY",
            "name": "Khabarovsk Vtoroy",
            "population": 578303,
            "lat": 48.4378,
            "lon": 135.133
        },
        {
            "id": "city:GOMEL",
            "name": "Gomel",
            "population": 575827,
            "lat": 52.4345,
            "lon": 30.9754
        },
        {
            "id": "city:UTRECHT",
            "name": "Utrecht",
            "population": 575526,
            "lat": 52.0908,
            "lon": 5.12222
        },
        {
            "id": "city:LEICESTER",
            "name": "Leicester",
            "population": 575352,
            "lat": 52.6386,
            "lon": -1.13169
        },
        {
            "id": "city:KEMEROVO",
            "name": "Kemerovo",
            "population": 570586,
            "lat": 55.3333,
            "lon": 86.0833
        },
        {
            "id": "city:ORENBURG",
            "name": "Orenburg",
            "population": 570039,
            "lat": 51.7727,
            "lon": 55.0988
        },
        {
            "id": "city:BALASHIKHA",
            "name": "Balashikha",
            "population": 569163,
            "lat": 55.8094,
            "lon": 37.9581
        },
        {
            "id": "city:BREMEN",
            "name": "Bremen",
            "population": 568991,
            "lat": 53.0752,
            "lon": 8.80777
        },
        {
            "id": "city:EDINBURGH",
            "name": "Edinburgh",
            "population": 563534,
            "lat": 55.9521,
            "lon": -3.19648
        },
        {
            "id": "city:PRISTINA",
            "name": "Pristina",
            "population": 550000,
            "lat": 42.6727,
            "lon": 21.1669
        },
        {
            "id": "city:NOVOKUZNETSK",
            "name": "Novokuznetsk",
            "population": 546951,
            "lat": 53.7557,
            "lon": 87.1099
        },
        {
            "id": "city:GRENOBLE",
            "name": "Grenoble",
            "population": 543623,
            "lat": 45.1716,
            "lon": 5.72239
        },
        {
            "id": "city:VILNIUS",
            "name": "Vilnius",
            "population": 541517,
            "lat": 54.6892,
            "lon": 25.2798
        },
        {
            "id": "city:HANNOVER",
            "name": "Hannover",
            "population": 538777,
            "lat": 52.3705,
            "lon": 9.73322
        },
        {
            "id": "city:TIRANA",
            "name": "Tirana",
            "population": 535702,
            "lat": 41.3275,
            "lon": 19.8189
        },
        {
            "id": "city:ASTRAKHAN",
            "name": "Astrakhan",
            "population": 534778,
            "lat": 46.3497,
            "lon": 48.0408
        },
        {
            "id": "city:DUISBURG",
            "name": "Duisburg",
            "population": 528993,
            "lat": 51.4325,
            "lon": 6.76516
        },
        {
            "id": "city:BOURNEMOUTH",
            "name": "Bournemouth",
            "population": 526845,
            "lat": 50.7205,
            "lon": -1.8795
        },
        {
            "id": "city:PENZA",
            "name": "Penza",
            "population": 520546,
            "lat": 53.2007,
            "lon": 45.0046
        },
        {
            "id": "city:KIROV",
            "name": "Kirov",
            "population": 520243,
            "lat": 58.5966,
            "lon": 49.6601
        },
        {
            "id": "city:KIROV",
            "name": "Kirov",
            "population": 520243,
            "lat": 54.0669,
            "lon": 34.2995
        },
        {
            "id": "city:RYAZAN'",
            "name": "Ryazan'",
            "population": 520173,
            "lat": 54.6269,
            "lon": 39.6916
        },
        {
            "id": "city:POZNAN",
            "name": "Poznan",
            "population": 518274,
            "lat": 52.4069,
            "lon": 16.9299
        },
        {
            "id": "city:MURCIA",
            "name": "Murcia",
            "population": 517240,
            "lat": 37.987,
            "lon": -1.13004
        },
        {
            "id": "city:CHEBOKSARY",
            "name": "Cheboksary",
            "population": 517136,
            "lat": 56.1322,
            "lon": 47.2519
        },
        {
            "id": "city:MYKOLAYIV",
            "name": "Mykolayiv",
            "population": 510840,
            "lat": 46.9659,
            "lon": 31.9974
        },
        {
            "id": "city:NABEREZHNYYE_CHELNY",
            "name": "Naberezhnyye Chelny",
            "population": 509870,
            "lat": 55.7254,
            "lon": 52.4112
        },
        {
            "id": "city:KALININSKIY",
            "name": "Kalininskiy",
            "population": 504641,
            "lat": 59.9967,
            "lon": 30.3899
        },
        {
            "id": "city:LIPETSK",
            "name": "Lipetsk",
            "population": 502842,
            "lat": 52.6031,
            "lon": 39.5708
        },
        {
            "id": "city:NUERNBERG",
            "name": "Nuernberg",
            "population": 499237,
            "lat": 49.4542,
            "lon": 11.0775
        },
        {
            "id": "city:BRESCIA",
            "name": "Brescia",
            "population": 496260,
            "lat": 45.5356,
            "lon": 10.2147
        },
        {
            "id": "city:CARDIFF",
            "name": "Cardiff",
            "population": 495378,
            "lat": 51.48,
            "lon": -3.18
        },
        {
            "id": "city:KALININGRAD",
            "name": "Kaliningrad",
            "population": 495031,
            "lat": 54.7065,
            "lon": 20.511
        },
        {
            "id": "city:COMO",
            "name": "Como",
            "population": 492616,
            "lat": 45.8082,
            "lon": 9.0832
        },
        {
            "id": "city:STRASBOURG",
            "name": "Strasbourg",
            "population": 489811,
            "lat": 48.5839,
            "lon": 7.74553
        },
        {
            "id": "city:MONTPELLIER",
            "name": "Montpellier",
            "population": 486923,
            "lat": 43.6109,
            "lon": 3.87723
        },
        {
            "id": "city:PALMA",
            "name": "Palma",
            "population": 485878,
            "lat": 39.5694,
            "lon": 2.65024
        },
        {
            "id": "city:CHISINAU",
            "name": "Chisinau",
            "population": 484352,
            "lat": 47.0056,
            "lon": 28.8575
        },
        {
            "id": "city:AVIGNON",
            "name": "Avignon",
            "population": 483655,
            "lat": 43.9483,
            "lon": 4.80892
        },
        {
            "id": "city:SOCHI",
            "name": "Sochi",
            "population": 481033,
            "lat": 43.5992,
            "lon": 39.7257
        },
        {
            "id": "city:GENT",
            "name": "Gent",
            "population": 479034,
            "lat": 51.05,
            "lon": 3.71667
        },
        {
            "id": "city:CAGLIARI",
            "name": "Cagliari",
            "population": 478929,
            "lat": 39.2305,
            "lon": 9.11917
        },
        {
            "id": "city:ROUEN",
            "name": "Rouen",
            "population": 478713,
            "lat": 49.4431,
            "lon": 1.09932
        },
        {
            "id": "city:MYKOLAIV",
            "name": "Mykolaiv",
            "population": 476414,
            "lat": 49.5237,
            "lon": 23.9852
        },
        {
            "id": "city:KURSK",
            "name": "Kursk",
            "population": 475607,
            "lat": 51.7373,
            "lon": 36.1874
        },
        {
            "id": "city:LAUSANNE",
            "name": "Lausanne",
            "population": 469802,
            "lat": 46.516,
            "lon": 6.63282
        },
        {
            "id": "city:LATINA",
            "name": "Latina",
            "population": 467352,
            "lat": 41.4661,
            "lon": 12.9043
        },
        {
            "id": "city:GDANSK",
            "name": "Gdansk",
            "population": 465553,
            "lat": 54.3521,
            "lon": 18.6464
        },
        {
            "id": "city:TULA",
            "name": "Tula",
            "population": 462035,
            "lat": 54.1961,
            "lon": 37.6182
        },
        {
            "id": "city:TARANTO",
            "name": "Taranto",
            "population": 461729,
            "lat": 40.4644,
            "lon": 17.2471
        },
        {
            "id": "city:TALLINN",
            "name": "Tallinn",
            "population": 457657,
            "lat": 59.437,
            "lon": 24.7535
        },
        {
            "id": "city:LEEDS",
            "name": "Leeds",
            "population": 455123,
            "lat": 53.7965,
            "lon": -1.54785
        },
        {
            "id": "city:COVENTRY",
            "name": "Coventry",
            "population": 454584,
            "lat": 52.4066,
            "lon": -1.51217
        },
        {
            "id": "city:ULAN-UDE",
            "name": "Ulan-Ude",
            "population": 451894,
            "lat": 51.8272,
            "lon": 107.606
        },
        {
            "id": "city:BERN",
            "name": "Bern",
            "population": 448150,
            "lat": 46.9481,
            "lon": 7.44744
        },
        {
            "id": "city:BRATISLAVA",
            "name": "Bratislava",
            "population": 443679,
            "lat": 48.1482,
            "lon": 17.1067
        },
        {
            "id": "city:CASERTA",
            "name": "Caserta",
            "population": 433012,
            "lat": 41.0726,
            "lon": 14.3323
        },
        {
            "id": "city:TVER",
            "name": "Tver",
            "population": 427338,
            "lat": 56.8584,
            "lon": 35.9006
        },
        {
            "id": "city:MARIUPOL",
            "name": "Mariupol",
            "population": 425923,
            "lat": 47.0951,
            "lon": 37.5413
        },
        {
            "id": "city:SALERNO",
            "name": "Salerno",
            "population": 423216,
            "lat": 40.6754,
            "lon": 14.7933
        },
        {
            "id": "city:MAGNITOGORSK",
            "name": "Magnitogorsk",
            "population": 420923,
            "lat": 53.4186,
            "lon": 59.0472
        },
        {
            "id": "city:BELGOROD",
            "name": "Belgorod",
            "population": 420057,
            "lat": 50.6107,
            "lon": 36.5802
        },
        {
            "id": "city:CHARLEROI",
            "name": "Charleroi",
            "population": 419244,
            "lat": 50.4114,
            "lon": 4.44448
        },
        {
            "id": "city:SURGUT",
            "name": "Surgut",
            "population": 413754,
            "lat": 61.25,
            "lon": 73.4167
        },
        {
            "id": "city:WANDSBEK",
            "name": "Wandsbek",
            "population": 411422,
            "lat": 53.5833,
            "lon": 10.083
        },
        {
            "id": "city:SEVASTOPOL",
            "name": "Sevastopol",
            "population": 401552,
            "lat": 44.5888,
            "lon": 33.5224
        },
        {
            "id": "city:IVANOVO",
            "name": "Ivanovo",
            "population": 398393,
            "lat": 56.9972,
            "lon": 40.9714
        },
        {
            "id": "city:KHMELNYTSKYI",
            "name": "Khmelnytskyi",
            "population": 398346,
            "lat": 49.4216,
            "lon": 26.9965
        },
        {
            "id": "city:MIDDLESBROUGH",
            "name": "Middlesbrough",
            "population": 397527,
            "lat": 54.5762,
            "lon": -1.23483
        },
        {
            "id": "city:STOKE-ON-TRENT",
            "name": "Stoke-on-Trent",
            "population": 396812,
            "lat": 53.0042,
            "lon": -2.18538
        },
        {
            "id": "city:SZCZECIN",
            "name": "Szczecin",
            "population": 396654,
            "lat": 53.4289,
            "lon": 14.553
        },
        {
            "id": "city:BRYANSK",
            "name": "Bryansk",
            "population": 390872,
            "lat": 53.2521,
            "lon": 34.3717
        },
        {
            "id": "city:TREVISO",
            "name": "Treviso",
            "population": 386170,
            "lat": 45.6667,
            "lon": 12.2416
        },
        {
            "id": "city:LUHANSK",
            "name": "Luhansk",
            "population": 386097,
            "lat": 48.5671,
            "lon": 39.3171
        },
        {
            "id": "city:SECTOR_3",
            "name": "Sector 3",
            "population": 385439,
            "lat": 44.4234,
            "lon": 26.1687
        },
        {
            "id": "city:PESCARA",
            "name": "Pescara",
            "population": 384545,
            "lat": 42.4584,
            "lon": 14.2028
        },
        {
            "id": "city:VITEBSK",
            "name": "Vitebsk",
            "population": 384385,
            "lat": 55.1904,
            "lon": 30.2049
        },
        {
            "id": "city:BOCHUM",
            "name": "Bochum",
            "population": 382181,
            "lat": 51.4817,
            "lon": 7.21648
        },
        {
            "id": "city:LAS_PALMAS_DE_GRAN_CANARIA",
            "name": "Las Palmas de Gran Canaria",
            "population": 381847,
            "lat": 28.0997,
            "lon": -15.4134
        },
        {
            "id": "city:SAINT-ETIENNE",
            "name": "Saint-Etienne",
            "population": 381552,
            "lat": 45.4339,
            "lon": 4.39
        },
        {
            "id": "city:ALICANTE",
            "name": "Alicante",
            "population": 380675,
            "lat": 38.3452,
            "lon": -0.48149
        },
        {
            "id": "city:BRNO",
            "name": "Brno",
            "population": 380587,
            "lat": 49.1952,
            "lon": 16.608
        },
        {
            "id": "city:BOCHUM-HORDEL",
            "name": "Bochum-Hordel",
            "population": 380000,
            "lat": 51.5017,
            "lon": 7.1756
        },
        {
            "id": "city:MAKIYIVKA",
            "name": "Makiyivka",
            "population": 376610,
            "lat": 48.0478,
            "lon": 37.9258
        },
        {
            "id": "city:KAUNAS",
            "name": "Kaunas",
            "population": 374643,
            "lat": 54.9027,
            "lon": 23.9096
        },
        {
            "id": "city:EINDHOVEN",
            "name": "Eindhoven",
            "population": 372720,
            "lat": 51.4408,
            "lon": 5.47778
        },
        {
            "id": "city:RENNES",
            "name": "Rennes",
            "population": 371499,
            "lat": 48.112,
            "lon": -1.67429
        },
        {
            "id": "city:BREST",
            "name": "Brest",
            "population": 370503,
            "lat": 52.0975,
            "lon": 23.6877
        },
        {
            "id": "city:TOURS",
            "name": "Tours",
            "population": 369653,
            "lat": 47.3948,
            "lon": 0.70398
        },
        {
            "id": "city:MAHILYOW",
            "name": "Mahilyow",
            "population": 369200,
            "lat": 53.9168,
            "lon": 30.3449
        },
        {
            "id": "city:SECTOR_6",
            "name": "Sector 6",
            "population": 367760,
            "lat": 44.4358,
            "lon": 26.0165
        },
        {
            "id": "city:BETHUNE",
            "name": "Bethune",
            "population": 364898,
            "lat": 50.5333,
            "lon": 2.63333
        },
        {
            "id": "city:MODENA",
            "name": "Modena",
            "population": 364037,
            "lat": 44.6478,
            "lon": 10.9254
        },
        {
            "id": "city:CHITA",
            "name": "Chita",
            "population": 363732,
            "lat": 52.0317,
            "lon": 113.501
        },
        {
            "id": "city:STAVROPOL'",
            "name": "Stavropol'",
            "population": 363064,
            "lat": 45.0428,
            "lon": 41.9734
        },
        {
            "id": "city:VLADIMIR",
            "name": "Vladimir",
            "population": 360331,
            "lat": 56.1366,
            "lon": 40.3966
        },
        {
            "id": "city:ARKHANGEL'SK",
            "name": "Arkhangel'sk",
            "population": 356051,
            "lat": 64.5401,
            "lon": 40.5433
        },
        {
            "id": "city:READING",
            "name": "Reading",
            "population": 355596,
            "lat": 51.4562,
            "lon": -0.97113
        },
        {
            "id": "city:KALUGA",
            "name": "Kaluga",
            "population": 352870,
            "lat": 54.5293,
            "lon": 36.2754
        },
        {
            "id": "city:VINNYTSIA",
            "name": "Vinnytsia",
            "population": 352115,
            "lat": 49.2328,
            "lon": 28.481
        },
        {
            "id": "city:TAMPERE",
            "name": "Tampere",
            "population": 350951,
            "lat": 61.4991,
            "lon": 23.7871
        },
        {
            "id": "city:SUNDERLAND",
            "name": "Sunderland",
            "population": 349162,
            "lat": 54.9047,
            "lon": -1.38222
        },
        {
            "id": "city:SARAJEVO",
            "name": "Sarajevo",
            "population": 348404,
            "lat": 43.8486,
            "lon": 18.3564
        },
        {
            "id": "city:WUPPERTAL",
            "name": "Wuppertal",
            "population": 348119,
            "lat": 51.2563,
            "lon": 7.14816
        },
        {
            "id": "city:MANNHEIM",
            "name": "Mannheim",
            "population": 347710,
            "lat": 49.4891,
            "lon": 8.46694
        },
        {
            "id": "city:PLOVDIV",
            "name": "Plovdiv",
            "population": 347170,
            "lat": 42.15,
            "lon": 24.75
        },
        {
            "id": "city:BILBAO",
            "name": "Bilbao",
            "population": 346746,
            "lat": 43.2627,
            "lon": -2.92528
        },
        {
            "id": "city:CORDOBA",
            "name": "Cordoba",
            "population": 346280,
            "lat": 37.8915,
            "lon": -4.77275
        },
        {
            "id": "city:SECTOR_2",
            "name": "Sector 2",
            "population": 345370,
            "lat": 44.4528,
            "lon": 26.1332
        },
        {
            "id": "city:VALENCIENNES",
            "name": "Valenciennes",
            "population": 344351,
            "lat": 50.35,
            "lon": 3.53333
        },
        {
            "id": "city:NIZHNY_TAGIL",
            "name": "Nizhny Tagil",
            "population": 343700,
            "lat": 57.9194,
            "lon": 59.965
        },
        {
            "id": "city:PODOLSK",
            "name": "Podolsk",
            "population": 343650,
            "lat": 55.4242,
            "lon": 37.5547
        },
        {
            "id": "city:YAKUTSK",
            "name": "Yakutsk",
            "population": 343581,
            "lat": 62.0339,
            "lon": 129.733
        },
        {
            "id": "city:BARLETTA",
            "name": "Barletta",
            "population": 342721,
            "lat": 41.3143,
            "lon": 16.2817
        },
        {
            "id": "city:MALMO",
            "name": "Malmo",
            "population": 339816,
            "lat": 55.6059,
            "lon": 13.0007
        },
        {
            "id": "city:SIMFEROPOL",
            "name": "Simferopol",
            "population": 339529,
            "lat": 44.9572,
            "lon": 34.1108
        },
        {
            "id": "city:BYDGOSZCZ",
            "name": "Bydgoszcz",
            "population": 338761,
            "lat": 53.1235,
            "lon": 18.0076
        },
        {
            "id": "city:PRESTON",
            "name": "Preston",
            "population": 338446,
            "lat": 53.7628,
            "lon": -2.70452
        },
        {
            "id": "city:KRASNOGVARGEISKY",
            "name": "Krasnogvargeisky",
            "population": 337091,
            "lat": 59.973,
            "lon": 30.4761
        },
        {
            "id": "city:PARMA",
            "name": "Parma",
            "population": 336487,
            "lat": 44.7994,
            "lon": 10.3262
        },
        {
            "id": "city:BIRKENHEAD",
            "name": "Birkenhead",
            "population": 335971,
            "lat": 53.3934,
            "lon": -3.01479
        },
        {
            "id": "city:BIELEFELD",
            "name": "Bielefeld",
            "population": 334631,
            "lat": 52.0333,
            "lon": 8.53333
        },
        {
            "id": "city:VARNA",
            "name": "Varna",
            "population": 334289,
            "lat": 43.2167,
            "lon": 27.9167
        },
        {
            "id": "city:VICENZA",
            "name": "Vicenza",
            "population": 334102,
            "lat": 45.5467,
            "lon": 11.5475
        },
        {
            "id": "city:NOLA",
            "name": "Nola",
            "population": 330100,
            "lat": 40.9261,
            "lon": 14.5282
        },
        {
            "id": "city:KINGSTON_UPON_HULL",
            "name": "Kingston upon Hull",
            "population": 328518,
            "lat": 53.7446,
            "lon": -0.33525
        },
        {
            "id": "city:LUBLIN",
            "name": "Lublin",
            "population": 326875,
            "lat": 51.25,
            "lon": 22.5667
        },
        {
            "id": "city:SMOLENSK",
            "name": "Smolensk",
            "population": 326841,
            "lat": 54.7818,
            "lon": 32.0401
        },
        {
            "id": "city:SARANSK",
            "name": "Saransk",
            "population": 326515,
            "lat": 54.1838,
            "lon": 45.1749
        },
        {
            "id": "city:NEWPORT",
            "name": "Newport",
            "population": 324815,
            "lat": 52.7668,
            "lon": -2.37734
        },
        {
            "id": "city:NEWPORT",
            "name": "Newport",
            "population": 324815,
            "lat": 51.5877,
            "lon": -2.99835
        },
        {
            "id": "city:NEWPORT",
            "name": "Newport",
            "population": 324815,
            "lat": 50.7015,
            "lon": -1.29124
        },
        {
            "id": "city:KARLSRUHE",
            "name": "Karlsruhe",
            "population": 323804,
            "lat": 49.0094,
            "lon": 8.40444
        },
        {
            "id": "city:VOLZHSKIY",
            "name": "Volzhskiy",
            "population": 323293,
            "lat": 48.7858,
            "lon": 44.7797
        },
        {
            "id": "city:KHERSON",
            "name": "Kherson",
            "population": 320477,
            "lat": 46.6558,
            "lon": 32.6178
        },
        {
            "id": "city:BONN",
            "name": "Bonn",
            "population": 320358,
            "lat": 50.7344,
            "lon": 7.09549
        },
        {
            "id": "city:SWANSEA",
            "name": "Swansea",
            "population": 320236,
            "lat": 51.6208,
            "lon": -3.94323
        },
        {
            "id": "city:CHEREPOVETS",
            "name": "Cherepovets",
            "population": 319500,
            "lat": 59.1333,
            "lon": 37.9
        },
        {
            "id": "city:MURMANSK",
            "name": "Murmansk",
            "population": 319263,
            "lat": 68.9792,
            "lon": 33.0925
        },
        {
            "id": "city:ISLINGTON",
            "name": "Islington",
            "population": 319143,
            "lat": 51.5362,
            "lon": -0.10304
        },
        {
            "id": "city:VOLOGDA",
            "name": "Vologda",
            "population": 318455,
            "lat": 59.2239,
            "lon": 39.884
        },
        {
            "id": "city:POLTAVA",
            "name": "Poltava",
            "population": 317847,
            "lat": 49.5937,
            "lon": 34.5407
        },
        {
            "id": "city:HRODNA",
            "name": "Hrodna",
            "population": 317365,
            "lat": 53.6884,
            "lon": 23.8258
        },
        {
            "id": "city:KATOWICE",
            "name": "Katowice",
            "population": 317316,
            "lat": 50.2584,
            "lon": 19.0275
        },
        {
            "id": "city:IASI",
            "name": "Iasi",
            "population": 316343,
            "lat": 47.1667,
            "lon": 27.6
        },
        {
            "id": "city:LECCO",
            "name": "Lecco",
            "population": 313867,
            "lat": 45.8559,
            "lon": 9.39704
        },
        {
            "id": "city:OREL",
            "name": "Orel",
            "population": 313814,
            "lat": 52.9651,
            "lon": 36.0785
        },
        {
            "id": "city:OSTRAVA",
            "name": "Ostrava",
            "population": 313088,
            "lat": 49.8346,
            "lon": 18.282
        },
        {
            "id": "city:VIGO",
            "name": "Vigo",
            "population": 308323,
            "lat": 42.2328,
            "lon": -8.72264
        },
        {
            "id": "city:CLUJ-NAPOCA",
            "name": "Cluj-Napoca",
            "population": 308304,
            "lat": 46.7667,
            "lon": 23.6
        },
        {
            "id": "city:CHERNIHIV",
            "name": "Chernihiv",
            "population": 307684,
            "lat": 51.5055,
            "lon": 31.2849
        },
        {
            "id": "city:TIMISOARA",
            "name": "Timisoara",
            "population": 306435,
            "lat": 45.7537,
            "lon": 21.2257
        },
        {
            "id": "city:KURGAN",
            "name": "Kurgan",
            "population": 305791,
            "lat": 55.45,
            "lon": 65.3333
        },
        {
            "id": "city:CRAIOVA",
            "name": "Craiova",
            "population": 304142,
            "lat": 44.3167,
            "lon": 23.8
        },
        {
            "id": "city:CONSTANTA",
            "name": "Constanta",
            "population": 303399,
            "lat": 44.1807,
            "lon": 28.6343
        },
        {
            "id": "city:VALLADOLID",
            "name": "Valladolid",
            "population": 300977,
            "lat": 41.6552,
            "lon": -4.72372
        },
        {
            "id": "city:BRADFORD",
            "name": "Bradford",
            "population": 299310,
            "lat": 53.7939,
            "lon": -1.75206
        },
        {
            "id": "city:CHERKASY",
            "name": "Cherkasy",
            "population": 297568,
            "lat": 49.4285,
            "lon": 32.0621
        },
        {
            "id": "city:VLADIKAVKAZ",
            "name": "Vladikavkaz",
            "population": 297145,
            "lat": 43.0367,
            "lon": 44.6678
        },
        {
            "id": "city:SOUTHEND-ON-SEA",
            "name": "Southend-on-Sea",
            "population": 295310,
            "lat": 51.5378,
            "lon": 0.71433
        },
        {
            "id": "city:SUMY",
            "name": "Sumy",
            "population": 294456,
            "lat": 50.9216,
            "lon": 34.8003
        },
        {
            "id": "city:GALATI",
            "name": "Galati",
            "population": 294087,
            "lat": 45.45,
            "lon": 28.05
        },
        {
            "id": "city:BIALYSTOK",
            "name": "Bialystok",
            "population": 291855,
            "lat": 53.1333,
            "lon": 23.1643
        },
        {
            "id": "city:TAMBOV",
            "name": "Tambov",
            "population": 290933,
            "lat": 52.7317,
            "lon": 41.4433
        },
        {
            "id": "city:SECTOR_4",
            "name": "Sector 4",
            "population": 287828,
            "lat": 44.3757,
            "lon": 26.1208
        },
        {
            "id": "city:MARIENTHAL",
            "name": "Marienthal",
            "population": 287101,
            "lat": 53.5667,
            "lon": 10.0833
        },
        {
            "id": "city:ZHYTOMYR",
            "name": "Zhytomyr",
            "population": 282192,
            "lat": 50.2649,
            "lon": 28.6767
        },
        {
            "id": "city:HAMBURG-NORD",
            "name": "Hamburg-Nord",
            "population": 280000,
            "lat": 53.5894,
            "lon": 9.984
        },
        {
            "id": "city:YOSHKAR-OLA",
            "name": "Yoshkar-Ola",
            "population": 279100,
            "lat": 56.6388,
            "lon": 47.8908
        },
        {
            "id": "city:TAGANROG",
            "name": "Taganrog",
            "population": 279056,
            "lat": 47.2362,
            "lon": 38.8969
        },
        {
            "id": "city:HORLIVKA",
            "name": "Horlivka",
            "population": 278550,
            "lat": 48.3358,
            "lon": 38.0532
        },
        {
            "id": "city:KOSTROMA",
            "name": "Kostroma",
            "population": 277656,
            "lat": 57.7665,
            "lon": 40.9269
        },
        {
            "id": "city:GIJON",
            "name": "Gijon",
            "population": 277554,
            "lat": 43.5357,
            "lon": -5.66152
        },
        {
            "id": "city:BRASOV",
            "name": "Brasov",
            "population": 276088,
            "lat": 45.6486,
            "lon": 25.6061
        },
        {
            "id": "city:KOMSOMOLSK-ON-AMUR",
            "name": "Komsomolsk-on-Amur",
            "population": 275908,
            "lat": 50.5503,
            "lon": 137.01
        },
        {
            "id": "city:NAL'CHIK",
            "name": "Nal'chik",
            "population": 272800,
            "lat": 43.4981,
            "lon": 43.6189
        },
        {
            "id": "city:WIESBADEN",
            "name": "Wiesbaden",
            "population": 272432,
            "lat": 50.0826,
            "lon": 8.24932
        },
        {
            "id": "city:LJUBLJANA",
            "name": "Ljubljana",
            "population": 272220,
            "lat": 46.0511,
            "lon": 14.5051
        },
        {
            "id": "city:SECTOR_5",
            "name": "Sector 5",
            "population": 271575,
            "lat": 44.3881,
            "lon": 26.0714
        },
        {
            "id": "city:DERBY",
            "name": "Derby",
            "population": 270468,
            "lat": 52.9228,
            "lon": -1.47663
        },
        {
            "id": "city:MUENSTER",
            "name": "Muenster",
            "population": 270184,
            "lat": 51.9624,
            "lon": 7.62571
        },
        {
            "id": "city:GELSENKIRCHEN",
            "name": "Gelsenkirchen",
            "population": 270028,
            "lat": 51.5051,
            "lon": 7.09654
        },
        {
            "id": "city:STERLITAMAK",
            "name": "Sterlitamak",
            "population": 267231,
            "lat": 53.6246,
            "lon": 55.9501
        },
        {
            "id": "city:EIXAMPLE",
            "name": "Eixample",
            "population": 266477,
            "lat": 41.389,
            "lon": 2.16179
        },
        {
            "id": "city:AACHEN",
            "name": "Aachen",
            "population": 265208,
            "lat": 50.7766,
            "lon": 6.08342
        },
        {
            "id": "city:PETROZAVODSK",
            "name": "Petrozavodsk",
            "population": 265025,
            "lat": 61.7849,
            "lon": 34.3469
        },
        {
            "id": "city:MOENCHENGLADBACH",
            "name": "Moenchengladbach",
            "population": 261742,
            "lat": 51.1854,
            "lon": 6.44172
        },
        {
            "id": "city:PLYMOUTH",
            "name": "Plymouth",
            "population": 260203,
            "lat": 50.3715,
            "lon": -4.14305
        },
        {
            "id": "city:AUGSBURG",
            "name": "Augsburg",
            "population": 259196,
            "lat": 48.3715,
            "lon": 10.8985
        },
        {
            "id": "city:LUTON",
            "name": "Luton",
            "population": 258018,
            "lat": 51.8797,
            "lon": -0.41748
        },
        {
            "id": "city:L'HOSPITALET_DE_LLOBREGAT",
            "name": "L'Hospitalet de Llobregat",
            "population": 257038,
            "lat": 41.3597,
            "lon": 2.10028
        },
        {
            "id": "city:ESPOO",
            "name": "Espoo",
            "population": 256760,
            "lat": 60.2052,
            "lon": 24.6522
        },
        {
            "id": "city:LATINA",
            "name": "Latina",
            "population": 256644,
            "lat": 40.389,
            "lon": -3.74569
        },
        {
            "id": "city:BRATSK",
            "name": "Bratsk",
            "population": 256600,
            "lat": 56.1325,
            "lon": 101.614
        },
        {
            "id": "city:RIVNE",
            "name": "Rivne",
            "population": 255106,
            "lat": 50.6231,
            "lon": 26.2274
        },
        {
            "id": "city:GDYNIA",
            "name": "Gdynia",
            "population": 253730,
            "lat": 54.5189,
            "lon": 18.5319
        },
        {
            "id": "city:CARABANCHEL",
            "name": "Carabanchel",
            "population": 253678,
            "lat": 40.3909,
            "lon": -3.7242
        },
        {
            "id": "city:WOLVERHAMPTON",
            "name": "Wolverhampton",
            "population": 252791,
            "lat": 52.5855,
            "lon": -2.12296
        },
        {
            "id": "city:EIMSBUETTEL",
            "name": "Eimsbuettel",
            "population": 251907,
            "lat": 53.5742,
            "lon": 9.95679
        },
        {
            "id": "city:ALTONA",
            "name": "Altona",
            "population": 250192,
            "lat": 53.55,
            "lon": 9.93333
        },
        {
            "id": "city:NIS",
            "name": "Nis",
            "population": 250000,
            "lat": 43.3247,
            "lon": 21.9033
        },
        {
            "id": "city:KROPYVNYTSKYI",
            "name": "Kropyvnytskyi",
            "population": 249454,
            "lat": 48.5132,
            "lon": 32.2597
        },
        {
            "id": "city:KAMIANSKE",
            "name": "Kamianske",
            "population": 248575,
            "lat": 48.5113,
            "lon": 34.6021
        },
        {
            "id": "city:CZESTOCHOWA",
            "name": "Czestochowa",
            "population": 248125,
            "lat": 50.7965,
            "lon": 19.1241
        },
        {
            "id": "city:CITY_OF_WESTMINSTER",
            "name": "City of Westminster",
            "population": 247614,
            "lat": 51.5,
            "lon": -0.11667
        },
        {
            "id": "city:CHEMNITZ",
            "name": "Chemnitz",
            "population": 247220,
            "lat": 50.8357,
            "lon": 12.9292
        },
        {
            "id": "city:ORSK",
            "name": "Orsk",
            "population": 246836,
            "lat": 51.2049,
            "lon": 58.5668
        },
        {
            "id": "city:A_CORUNA",
            "name": "A Coruna",
            "population": 246056,
            "lat": 43.3713,
            "lon": -8.396
        },
        {
            "id": "city:NIZHNEVARTOVSK",
            "name": "Nizhnevartovsk",
            "population": 244937,
            "lat": 60.9344,
            "lon": 76.5531
        },
        {
            "id": "city:BRAUNSCHWEIG",
            "name": "Braunschweig",
            "population": 244715,
            "lat": 52.2659,
            "lon": 10.5267
        },
        {
            "id": "city:PUENTE_DE_VALLECAS",
            "name": "Puente de Vallecas",
            "population": 244151,
            "lat": 40.3935,
            "lon": -3.662
        },
        {
            "id": "city:ANGARSK",
            "name": "Angarsk",
            "population": 243158,
            "lat": 52.5367,
            "lon": 103.886
        },
        {
            "id": "city:MAR'INO",
            "name": "Mar'ino",
            "population": 243000,
            "lat": 55.65,
            "lon": 37.7167
        },
        {
            "id": "city:NOVOROSSIYSK",
            "name": "Novorossiysk",
            "population": 241856,
            "lat": 44.7244,
            "lon": 37.7675
        },
        {
            "id": "city:KHIMKI",
            "name": "Khimki",
            "population": 239967,
            "lat": 55.897,
            "lon": 37.4297
        },
        {
            "id": "city:BLACKPOOL",
            "name": "Blackpool",
            "population": 239409,
            "lat": 53.8167,
            "lon": -3.05
        },
        {
            "id": "city:KREFELD",
            "name": "Krefeld",
            "population": 237984,
            "lat": 51.3364,
            "lon": 6.55381
        },
        {
            "id": "city:ARHUS",
            "name": "Arhus",
            "population": 237551,
            "lat": 56.1567,
            "lon": 10.2108
        },
        {
            "id": "city:KOSICE",
            "name": "Kosice",
            "population": 236563,
            "lat": 48.714,
            "lon": 21.2581
        },
        {
            "id": "city:CHERNIVTSI",
            "name": "Chernivtsi",
            "population": 236250,
            "lat": 48.2915,
            "lon": 25.9403
        },
        {
            "id": "city:SANT_MARTI",
            "name": "Sant Marti",
            "population": 235719,
            "lat": 41.4181,
            "lon": 2.19933
        },
        {
            "id": "city:TERNOPIL",
            "name": "Ternopil",
            "population": 235676,
            "lat": 49.5534,
            "lon": 25.5892
        },
        {
            "id": "city:GASTEIZ_/_VITORIA",
            "name": "Gasteiz / Vitoria",
            "population": 235661,
            "lat": 42.85,
            "lon": -2.67268
        },
        {
            "id": "city:GRANADA",
            "name": "Granada",
            "population": 234325,
            "lat": 37.1882,
            "lon": -3.60667
        },
        {
            "id": "city:NIZHNEKAMSK",
            "name": "Nizhnekamsk",
            "population": 234297,
            "lat": 55.6366,
            "lon": 51.8245
        },
        {
            "id": "city:HALLE_(SAALE)",
            "name": "Halle (Saale)",
            "population": 234107,
            "lat": 51.4816,
            "lon": 11.9795
        },
        {
            "id": "city:HAMBURG-MITTE",
            "name": "Hamburg-Mitte",
            "population": 233144,
            "lat": 53.55,
            "lon": 10.0167
        },
        {
            "id": "city:DZERZHINSK",
            "name": "Dzerzhinsk",
            "population": 233126,
            "lat": 56.2414,
            "lon": 43.4554
        },
        {
            "id": "city:KIEL",
            "name": "Kiel",
            "population": 232758,
            "lat": 54.3213,
            "lon": 10.1349
        },
        {
            "id": "city:SYKTYVKAR",
            "name": "Syktyvkar",
            "population": 230139,
            "lat": 61.6764,
            "lon": 50.8099
        },
        {
            "id": "city:ELCHE",
            "name": "Elche",
            "population": 230112,
            "lat": 38.2622,
            "lon": -0.70107
        },
        {
            "id": "city:MILTON_KEYNES",
            "name": "Milton Keynes",
            "population": 229941,
            "lat": 52.0417,
            "lon": -0.75583
        },
        {
            "id": "city:MAGDEBURG",
            "name": "Magdeburg",
            "population": 229826,
            "lat": 52.1277,
            "lon": 11.6292
        },
        {
            "id": "city:PLOIESTI",
            "name": "Ploiesti",
            "population": 228851,
            "lat": 44.95,
            "lon": 26.0167
        },
        {
            "id": "city:CIUDAD_LINEAL",
            "name": "Ciudad Lineal",
            "population": 228171,
            "lat": 40.445,
            "lon": -3.65132
        },
        {
            "id": "city:BEXLEY",
            "name": "Bexley",
            "population": 228000,
            "lat": 51.4416,
            "lon": 0.14866
        },
        {
            "id": "city:KREMENCHUK",
            "name": "Kremenchuk",
            "population": 227494,
            "lat": 49.068,
            "lon": 33.4204
        },
        {
            "id": "city:SOSNOWIEC",
            "name": "Sosnowiec",
            "population": 227295,
            "lat": 50.2868,
            "lon": 19.1038
        },
        {
            "id": "city:STARYY_OSKOL",
            "name": "Staryy Oskol",
            "population": 226977,
            "lat": 51.2967,
            "lon": 37.8417
        },
        {
            "id": "city:NEUE_NEUSTADT",
            "name": "Neue Neustadt",
            "population": 226851,
            "lat": 52.15,
            "lon": 11.6333
        },
        {
            "id": "city:RADOM",
            "name": "Radom",
            "population": 226794,
            "lat": 51.4025,
            "lon": 21.1471
        },
        {
            "id": "city:GROZNYY",
            "name": "Groznyy",
            "population": 226100,
            "lat": 43.312,
            "lon": 45.6889
        },
        {
            "id": "city:SECTOR_1",
            "name": "Sector 1",
            "population": 225453,
            "lat": 44.4924,
            "lon": 26.0483
        },
        {
            "id": "city:OVIEDO",
            "name": "Oviedo",
            "population": 224005,
            "lat": 43.3603,
            "lon": -5.84476
        },
        {
            "id": "city:SANTA_CRUZ_DE_TENERIFE",
            "name": "Santa Cruz de Tenerife",
            "population": 222417,
            "lat": 28.4682,
            "lon": -16.2546
        },
        {
            "id": "city:GRAZ",
            "name": "Graz",
            "population": 222326,
            "lat": 47.0667,
            "lon": 15.45
        },
        {
            "id": "city:SHAKHTY",
            "name": "Shakhty",
            "population": 221312,
            "lat": 47.7091,
            "lon": 40.2144
        },
        {
            "id": "city:BLAGOVESHCHENSK",
            "name": "Blagoveshchensk",
            "population": 221296,
            "lat": 50.2796,
            "lon": 127.54
        },
        {
            "id": "city:BANJA_LUKA",
            "name": "Banja Luka",
            "population": 221106,
            "lat": 44.7784,
            "lon": 17.1939
        },
        {
            "id": "city:BABRUYSK",
            "name": "Babruysk",
            "population": 220517,
            "lat": 53.1384,
            "lon": 29.2214
        },
        {
            "id": "city:FUENCARRAL-EL_PARDO",
            "name": "Fuencarral-El Pardo",
            "population": 220085,
            "lat": 40.4984,
            "lon": -3.7314
        },
        {
            "id": "city:MESSINA",
            "name": "Messina",
            "population": 219948,
            "lat": 38.1939,
            "lon": 15.5526
        },
        {
            "id": "city:BADALONA",
            "name": "Badalona",
            "population": 219547,
            "lat": 41.45,
            "lon": 2.24741
        },
        {
            "id": "city:OBERHAUSEN",
            "name": "Oberhausen",
            "population": 219176,
            "lat": 51.4781,
            "lon": 6.8625
        },
        {
            "id": "city:PROKOP'YEVSK",
            "name": "Prokop'yevsk",
            "population": 219000,
            "lat": 53.9059,
            "lon": 86.719
        },
        {
            "id": "city:RYBINSK",
            "name": "Rybinsk",
            "population": 216724,
            "lat": 58.0446,
            "lon": 38.8426
        },
        {
            "id": "city:VYKHINO-ZHULEBINO",
            "name": "Vykhino-Zhulebino",
            "population": 216000,
            "lat": 55.702,
            "lon": 37.8118
        },
        {
            "id": "city:FREIBURG",
            "name": "Freiburg",
            "population": 215966,
            "lat": 47.9959,
            "lon": 7.85222
        },
        {
            "id": "city:NORTHAMPTON",
            "name": "Northampton",
            "population": 215963,
            "lat": 52.25,
            "lon": -0.88333
        },
        {
            "id": "city:ZELENOGRAD",
            "name": "Zelenograd",
            "population": 215727,
            "lat": 55.9825,
            "lon": 37.1814
        },
        {
            "id": "city:ARCHWAY",
            "name": "Archway",
            "population": 215667,
            "lat": 51.5673,
            "lon": -0.13415
        },
        {
            "id": "city:BIYSK",
            "name": "Biysk",
            "population": 215430,
            "lat": 52.5364,
            "lon": 85.2072
        },
        {
            "id": "city:NOVI_SAD",
            "name": "Novi Sad",
            "population": 215400,
            "lat": 45.2517,
            "lon": 19.8369
        },
        {
            "id": "city:VELIKIY_NOVGOROD",
            "name": "Velikiy Novgorod",
            "population": 215062,
            "lat": 58.5213,
            "lon": 31.271
        },
        {
            "id": "city:CENTRALNIY",
            "name": "Centralniy",
            "population": 214625,
            "lat": 59.9311,
            "lon": 30.3607
        },
        {
            "id": "city:LUTSK",
            "name": "Lutsk",
            "population": 213661,
            "lat": 50.7593,
            "lon": 25.3424
        },
        {
            "id": "city:BERGEN",
            "name": "Bergen",
            "population": 213585,
            "lat": 60.393,
            "lon": 5.32415
        },
        {
            "id": "city:BRAILA",
            "name": "Braila",
            "population": 213569,
            "lat": 45.2667,
            "lon": 27.9833
        },
        {
            "id": "city:NORWICH",
            "name": "Norwich",
            "population": 213166,
            "lat": 52.6278,
            "lon": 1.29834
        },
        {
            "id": "city:MOKOTOW",
            "name": "Mokotow",
            "population": 212670,
            "lat": 52.1934,
            "lon": 21.0349
        },
        {
            "id": "city:LUEBECK",
            "name": "Luebeck",
            "population": 212207,
            "lat": 53.8689,
            "lon": 10.6873
        },
        {
            "id": "city:CARTAGENA",
            "name": "Cartagena",
            "population": 211996,
            "lat": 37.6051,
            "lon": -0.98623
        },
        {
            "id": "city:TERRASSA",
            "name": "Terrassa",
            "population": 210941,
            "lat": 41.5667,
            "lon": 2.01667
        },
        {
            "id": "city:TORUN",
            "name": "Torun",
            "population": 208717,
            "lat": 53.0137,
            "lon": 18.5981
        },
        {
            "id": "city:KIELCE",
            "name": "Kielce",
            "population": 208598,
            "lat": 50.8703,
            "lon": 20.6275
        },
        {
            "id": "city:JEREZ_DE_LA_FRONTERA",
            "name": "Jerez de la Frontera",
            "population": 207532,
            "lat": 36.6865,
            "lon": -6.13606
        },
        {
            "id": "city:ORADEA",
            "name": "Oradea",
            "population": 206614,
            "lat": 47.0458,
            "lon": 21.9183
        },
        {
            "id": "city:SABADELL",
            "name": "Sabadell",
            "population": 206493,
            "lat": 41.5433,
            "lon": 2.10942
        },
        {
            "id": "city:MOSTOLES",
            "name": "Mostoles",
            "population": 206478,
            "lat": 40.3223,
            "lon": -3.86496
        },
        {
            "id": "city:LINZ",
            "name": "Linz",
            "population": 204846,
            "lat": 48.3064,
            "lon": 14.2861
        },
        {
            "id": "city:ALCALA_DE_HENARES",
            "name": "Alcala de Henares",
            "population": 204574,
            "lat": 40.4821,
            "lon": -3.35996
        },
        {
            "id": "city:IVANO-FRANKIVSK",
            "name": "Ivano-Frankivsk",
            "population": 204200,
            "lat": 48.9215,
            "lon": 24.7097
        },
        {
            "id": "city:DEBRECEN",
            "name": "Debrecen",
            "population": 204124,
            "lat": 47.5333,
            "lon": 21.6333
        },
        {
            "id": "city:ERFURT",
            "name": "Erfurt",
            "population": 203254,
            "lat": 50.9787,
            "lon": 11.0328
        },
        {
            "id": "city:VASYL'EVSKY_OSTROV",
            "name": "Vasyl'evsky Ostrov",
            "population": 203058,
            "lat": 59.9409,
            "lon": 30.2538
        },
        {
            "id": "city:HARBURG",
            "name": "Harburg",
            "population": 202571,
            "lat": 53.4606,
            "lon": 9.98388
        },
        {
            "id": "city:PSKOV",
            "name": "Pskov",
            "population": 201990,
            "lat": 57.8136,
            "lon": 28.3496
        },
        {
            "id": "city:FAVORITEN",
            "name": "Favoriten",
            "population": 201882,
            "lat": 48.1612,
            "lon": 16.3823
        },
        {
            "id": "city:NICOSIA",
            "name": "Nicosia",
            "population": 200452,
            "lat": 35.1753,
            "lon": 33.3642
        },
        {
            "id": "city:SEVERNYY",
            "name": "Severnyy",
            "population": 200000,
            "lat": 55.9358,
            "lon": 37.5489
        },
        {
            "id": "city:TILBURG",
            "name": "Tilburg",
            "population": 199613,
            "lat": 51.5555,
            "lon": 5.0913
        },
        {
            "id": "city:BALAKOVO",
            "name": "Balakovo",
            "population": 199572,
            "lat": 52.0278,
            "lon": 47.8007
        },
        {
            "id": "city:ARMAVIR",
            "name": "Armavir",
            "population": 199548,
            "lat": 44.9892,
            "lon": 41.1234
        },
        {
            "id": "city:BILA_TSERKVA",
            "name": "Bila Tserkva",
            "population": 199163,
            "lat": 49.8094,
            "lon": 30.1121
        },
        {
            "id": "city:DUDLEY",
            "name": "Dudley",
            "population": 199059,
            "lat": 52.5,
            "lon": -2.08333
        },
        {
            "id": "city:HAGEN",
            "name": "Hagen",
            "population": 198972,
            "lat": 51.3608,
            "lon": 7.47168
        },
        {
            "id": "city:GLIWICE",
            "name": "Gliwice",
            "population": 198835,
            "lat": 50.2976,
            "lon": 18.6766
        },
        {
            "id": "city:PAMPLONA",
            "name": "Pamplona",
            "population": 198491,
            "lat": 42.8169,
            "lon": -1.64323
        },
        {
            "id": "city:ROSTOCK",
            "name": "Rostock",
            "population": 198293,
            "lat": 54.0887,
            "lon": 12.1405
        },
        {
            "id": "city:FUENLABRADA",
            "name": "Fuenlabrada",
            "population": 197836,
            "lat": 40.2842,
            "lon": -3.79415
        },
        {
            "id": "city:ABERDEEN",
            "name": "Aberdeen",
            "population": 196670,
            "lat": 57.1437,
            "lon": -2.09814
        },
        {
            "id": "city:REIMS",
            "name": "Reims",
            "population": 196565,
            "lat": 49.25,
            "lon": 4.03333
        },
        {
            "id": "city:ENGEL'S",
            "name": "Engel's",
            "population": 196011,
            "lat": 51.4839,
            "lon": 46.1053
        },
        {
            "id": "city:BURGAS",
            "name": "Burgas",
            "population": 195966,
            "lat": 42.5061,
            "lon": 27.4678
        },
        {
            "id": "city:KASSEL",
            "name": "Kassel",
            "population": 194501,
            "lat": 51.3167,
            "lon": 9.5
        },
        {
            "id": "city:SEVERODVINSK",
            "name": "Severodvinsk",
            "population": 194292,
            "lat": 64.5635,
            "lon": 39.8302
        },
        {
            "id": "city:PORTSMOUTH",
            "name": "Portsmouth",
            "population": 194150,
            "lat": 50.799,
            "lon": -1.09125
        },
        {
            "id": "city:KLAIPEDA",
            "name": "Klaipeda",
            "population": 192307,
            "lat": 55.7089,
            "lon": 21.1431
        },
        {
            "id": "city:ZABRZE",
            "name": "Zabrze",
            "population": 192177,
            "lat": 50.3249,
            "lon": 18.7858
        },
        {
            "id": "city:ZLATOUST",
            "name": "Zlatoust",
            "population": 191366,
            "lat": 55.1711,
            "lon": 59.6508
        },
        {
            "id": "city:CORK",
            "name": "Cork",
            "population": 190384,
            "lat": 51.898,
            "lon": -8.47061
        },
        {
            "id": "city:VANTAA",
            "name": "Vantaa",
            "population": 190058,
            "lat": 60.2941,
            "lon": 25.041
        },
        {
            "id": "city:SYZRAN'",
            "name": "Syzran'",
            "population": 189338,
            "lat": 53.1585,
            "lon": 48.4681
        },
        {
            "id": "city:BYTOM",
            "name": "Bytom",
            "population": 189186,
            "lat": 50.348,
            "lon": 18.9328
        },
        {
            "id": "city:ALMERIA",
            "name": "Almeria",
            "population": 188810,
            "lat": 36.8381,
            "lon": -2.45974
        },
        {
            "id": "city:PRAGA_POLUDNIE",
            "name": "Praga Poludnie",
            "population": 187845,
            "lat": 52.2442,
            "lon": 21.0854
        },
        {
            "id": "city:SUTTON",
            "name": "Sutton",
            "population": 187600,
            "lat": 51.35,
            "lon": -0.2
        },
        {
            "id": "city:PETROPAVLOVSK-KAMCHATSKY",
            "name": "Petropavlovsk-Kamchatsky",
            "population": 187282,
            "lat": 53.0444,
            "lon": 158.651
        },
        {
            "id": "city:TRIESTE",
            "name": "Trieste",
            "population": 187056,
            "lat": 45.6495,
            "lon": 13.7768
        },
        {
            "id": "city:DONAUSTADT",
            "name": "Donaustadt",
            "population": 187007,
            "lat": 48.2333,
            "lon": 16.46
        },
        {
            "id": "city:LEGANES",
            "name": "Leganes",
            "population": 186066,
            "lat": 40.3272,
            "lon": -3.7635
        },
        {
            "id": "city:LE_HAVRE",
            "name": "Le Havre",
            "population": 185972,
            "lat": 49.4938,
            "lon": 0.10767
        },
        {
            "id": "city:SWINDON",
            "name": "Swindon",
            "population": 185609,
            "lat": 51.558,
            "lon": -1.78116
        },
        {
            "id": "city:DUN_LAOGHAIRE",
            "name": "Dun Laoghaire",
            "population": 185400,
            "lat": 53.2939,
            "lon": -6.13586
        },
        {
            "id": "city:SAN_SEBASTIAN",
            "name": "San Sebastian",
            "population": 185357,
            "lat": 43.3128,
            "lon": -1.97499
        },
        {
            "id": "city:HAMM",
            "name": "Hamm",
            "population": 185327,
            "lat": 51.6803,
            "lon": 7.82089
        },
        {
            "id": "city:MAINZ",
            "name": "Mainz",
            "population": 184997,
            "lat": 49.9842,
            "lon": 8.2791
        },
        {
            "id": "city:CERGY-PONTOISE",
            "name": "Cergy-Pontoise",
            "population": 183430,
            "lat": 49.0389,
            "lon": 2.07805
        },
        {
            "id": "city:KOROLYOV",
            "name": "Korolyov",
            "population": 183402,
            "lat": 55.9173,
            "lon": 37.8179
        },
        {
            "id": "city:SANTS-MONTJUIC",
            "name": "Sants-Montjuic",
            "population": 183120,
            "lat": 41.3726,
            "lon": 2.1546
        },
        {
            "id": "city:SANTANDER",
            "name": "Santander",
            "population": 182700,
            "lat": 43.4647,
            "lon": -3.80444
        },
        {
            "id": "city:KAMENSK-URAL'SKIY",
            "name": "Kamensk-Ural'skiy",
            "population": 182500,
            "lat": 56.4185,
            "lon": 61.9329
        },
        {
            "id": "city:PRATO",
            "name": "Prato",
            "population": 181820,
            "lat": 43.8805,
            "lon": 11.097
        },
        {
            "id": "city:SAARBRUECKEN",
            "name": "Saarbruecken",
            "population": 181227,
            "lat": 49.2326,
            "lon": 7.00982
        },
        {
            "id": "city:GRONINGEN",
            "name": "Groningen",
            "population": 181194,
            "lat": 53.2192,
            "lon": 6.56667
        },
        {
            "id": "city:CRAWLEY",
            "name": "Crawley",
            "population": 180508,
            "lat": 51.113,
            "lon": -0.18312
        },
        {
            "id": "city:CASTELLO_DE_LA_PLANA",
            "name": "Castello de la Plana",
            "population": 180005,
            "lat": 39.9857,
            "lon": -0.04935
        },
        {
            "id": "city:YASENEVO",
            "name": "Yasenevo",
            "population": 180000,
            "lat": 55.6069,
            "lon": 37.5199
        },
        {
            "id": "city:BURGOS",
            "name": "Burgos",
            "population": 178966,
            "lat": 42.3411,
            "lon": -3.70184
        },
        {
            "id": "city:AMADORA",
            "name": "Amadora",
            "population": 178858,
            "lat": 38.7538,
            "lon": -9.23083
        },
        {
            "id": "city:IPSWICH",
            "name": "Ipswich",
            "population": 178835,
            "lat": 52.0592,
            "lon": 1.15545
        },
        {
            "id": "city:BIELSKO-BIALA",
            "name": "Bielsko-Biala",
            "population": 176515,
            "lat": 49.8224,
            "lon": 19.0469
        },
        {
            "id": "city:YUZHNO-SAKHALINSK",
            "name": "Yuzhno-Sakhalinsk",
            "population": 176484,
            "lat": 46.9541,
            "lon": 142.736
        },
        {
            "id": "city:ALMERE_STAD",
            "name": "Almere Stad",
            "population": 176432,
            "lat": 52.3703,
            "lon": 5.21413
        },
        {
            "id": "city:SPLIT",
            "name": "Split",
            "population": 176314,
            "lat": 43.5089,
            "lon": 16.4391
        },
        {
            "id": "city:TURKU",
            "name": "Turku",
            "population": 175945,
            "lat": 60.4515,
            "lon": 22.2687
        },
        {
            "id": "city:WIGAN",
            "name": "Wigan",
            "population": 175405,
            "lat": 53.543,
            "lon": -2.63706
        },
        {
            "id": "city:KRAMATORS'K",
            "name": "Kramators'k",
            "population": 173700,
            "lat": 48.723,
            "lon": 37.5563
        },
        {
            "id": "city:CROYDON",
            "name": "Croydon",
            "population": 173314,
            "lat": 51.3833,
            "lon": -0.1
        },
        {
            "id": "city:MISKOLC",
            "name": "Miskolc",
            "population": 172637,
            "lat": 48.1,
            "lon": 20.7833
        },
        {
            "id": "city:WALSALL",
            "name": "Walsall",
            "population": 172141,
            "lat": 52.5853,
            "lon": -1.98396
        },
        {
            "id": "city:HERNE",
            "name": "Herne",
            "population": 172108,
            "lat": 51.5388,
            "lon": 7.22572
        },
        {
            "id": "city:LYUBLINO",
            "name": "Lyublino",
            "population": 172000,
            "lat": 55.6774,
            "lon": 37.7601
        },
        {
            "id": "city:MANSFIELD",
            "name": "Mansfield",
            "population": 171958,
            "lat": 53.1333,
            "lon": -1.2
        },
        {
            "id": "city:OLSZTYN",
            "name": "Olsztyn",
            "population": 171803,
            "lat": 53.7799,
            "lon": 20.4942
        },
        {
            "id": "city:PRIZREN",
            "name": "Prizren",
            "population": 171464,
            "lat": 42.2139,
            "lon": 20.7397
        },
        {
            "id": "city:BACAU",
            "name": "Bacau",
            "population": 171396,
            "lat": 46.5672,
            "lon": 26.9138
        },
        {
            "id": "city:OXFORD",
            "name": "Oxford",
            "population": 171380,
            "lat": 51.7522,
            "lon": -1.25596
        },
        {
            "id": "city:MUELHEIM",
            "name": "Muelheim",
            "population": 171000,
            "lat": 51.4322,
            "lon": 6.87967
        },
        {
            "id": "city:ALBACETE",
            "name": "Albacete",
            "population": 169716,
            "lat": 38.9942,
            "lon": -1.85643
        },
        {
            "id": "city:REGGIO_CALABRIA",
            "name": "Reggio Calabria",
            "population": 169140,
            "lat": 38.1105,
            "lon": 15.6613
        },
        {
            "id": "city:ARAD",
            "name": "Arad",
            "population": 169065,
            "lat": 46.1833,
            "lon": 21.3167
        },
        {
            "id": "city:BARANOVICHI",
            "name": "Baranovichi",
            "population": 168772,
            "lat": 53.1327,
            "lon": 26.0139
        },
        {
            "id": "city:ANGERS",
            "name": "Angers",
            "population": 168279,
            "lat": 47.4738,
            "lon": -0.54774
        },
        {
            "id": "city:HORTA-GUINARDO",
            "name": "Horta-Guinardo",
            "population": 168092,
            "lat": 41.4185,
            "lon": 2.1677
        },
        {
            "id": "city:PATRAS",
            "name": "Patras",
            "population": 168034,
            "lat": 38.2444,
            "lon": 21.7344
        },
        {
            "id": "city:ALCORCON",
            "name": "Alcorcon",
            "population": 167967,
            "lat": 40.3458,
            "lon": -3.82487
        },
        {
            "id": "city:BEREZNIKI",
            "name": "Berezniki",
            "population": 167748,
            "lat": 59.4091,
            "lon": 56.8204
        },
        {
            "id": "city:VOLGODONSK",
            "name": "Volgodonsk",
            "population": 167731,
            "lat": 47.5136,
            "lon": 42.1514
        },
        {
            "id": "city:BREDA",
            "name": "Breda",
            "population": 167673,
            "lat": 51.5866,
            "lon": 4.77596
        },
        {
            "id": "city:PITESTI",
            "name": "Pitesti",
            "population": 167669,
            "lat": 44.85,
            "lon": 24.8667
        },
        {
            "id": "city:MIASS",
            "name": "Miass",
            "population": 167500,
            "lat": 55.045,
            "lon": 60.1083
        },
        {
            "id": "city:ABAKAN",
            "name": "Abakan",
            "population": 167289,
            "lat": 53.7156,
            "lon": 91.4292
        },
        {
            "id": "city:NEUKOELLN",
            "name": "Neukoelln",
            "population": 167248,
            "lat": 52.4772,
            "lon": 13.4313
        },
        {
            "id": "city:GETAFE",
            "name": "Getafe",
            "population": 167164,
            "lat": 40.3057,
            "lon": -3.73295
        },
        {
            "id": "city:NOVOCHERKASSK",
            "name": "Novocherkassk",
            "population": 166974,
            "lat": 47.421,
            "lon": 40.0919
        },
        {
            "id": "city:OSNABRUECK",
            "name": "Osnabrueck",
            "population": 166462,
            "lat": 52.2726,
            "lon": 8.0498
        },
        {
            "id": "city:NOU_BARRIS",
            "name": "Nou Barris",
            "population": 166310,
            "lat": 41.4416,
            "lon": 2.17727
        },
        {
            "id": "city:ANDORRA_LA_VELLA",
            "name": "Andorra la Vella",
            "population": 88800,
            "lat": 42.5063,
            "lon": 1.5218
        },
        {
            "id": "city:REYKJAVK",
            "name": "Reykjavk",
            "population": 138772,
            "lat": 64.1469868,
            "lon": -21.9407552
        },
        {
            "id": "city:VADUZ",
            "name": "Vaduz",
            "population": 5624,
            "lat": 47.1427124,
            "lon": 9.4849727
        },
        {
            "id": "city:LUXEMBOURG",
            "name": "Luxembourg",
            "population": 136208,
            "lat": 49.6078987,
            "lon": 6.0540091
        },
        {
            "id": "city:VALLETTA",
            "name": "Valletta",
            "population": 6001,
            "lat": 35.8984603,
            "lon": 14.5077583
        },
        {
            "id": "city:PODGORICA",
            "name": "Podgorica",
            "population": 214265,
            "lat": 42.4255871,
            "lon": 19.2421327
        },
        {
            "id": "city:YEREVAN",
            "name": "Yerevan",
            "population": 1100240,
            "lat": 40.1533612,
            "lon": 44.4061661
        },
        {
            "id": "city:BAKU",
            "name": "Baku",
            "population": 2496500,
            "lat": 40.3944755,
            "lon": 49.6901506
        },
        {
            "id": "city:TBILISI",
            "name": "Tbilisi",
            "population": 1087020,
            "lat": 41.7276044,
            "lon": 44.6419551
        },
        {
            "id": "city:CHISINAU",
            "name": "Chisinau",
            "population": 484352,
            "lat": 46.9994458,
            "lon": 28.546355
        },
        {
            "id": "city:MONACO_CITY",
            "name": "Monaco City",
            "population": 38341,
            "lat": 43.7322418,
            "lon": 7.4129752
        },
        {
            "id": "city:CITY_OF_SAN_MARINO",
            "name": "City of San Marino",
            "population": 33572,
            "lat": 43.9428483,
            "lon": 12.3776925
        },
        {
            "id": "city:ANKARA",
            "name": "Ankara",
            "population": 5550490,
            "lat": 39.9032599,
            "lon": 32.5979557
        }
    ]
}