º,Unnamed: 1_level_0,Unnamed: 2_level_0,Unnamed: 3_level_0,Unnamed: 4_level_0,Unnamed: 5_level_0,Unnamed: 6_level_0,Unnamed: 7_level_0,Unnamed: 8_level_0,Unnamed: 9_level_0,Unnamed: 10_level_0,Unnamed: 11_level_0,Unnamed: 12_level_0,Unnamed: 13_level_0,Unnamed: 14_level_0
Rank (of fleuves),Rank (of fleuves),Rank (of fleuves),River or river system,River or river system,River or river system,River or river system,River or river system,Length  (km),Basin  (km2),Flow  (m³/s),Mouth,Countries [note 1],Notes,Refs
Length,Area,Flow,River or river system,River or river system,River or river system,River or river system,River or river system,Length  (km),Basin  (km2),Flow  (m³/s),Mouth,Countries [note 1],Notes,Refs
94,82,-,Kara ← Bolshoy Kara,Kara ← Bolshoy Kara,Kara ← Bolshoy Kara,Kara ← Bolshoy Kara,Kara ← Bolshoy Kara,289,13400,?,Kara Sea near Ust-Kara,RUS,[note 2],[4]
86,86,-,Korotaikha [de; it; ru] ← Syadej-Yu,Korotaikha [de; it; ru] ← Syadej-Yu,Korotaikha [de; it; ru] ← Syadej-Yu,Korotaikha [de; it; ru] ← Syadej-Yu,Korotaikha [de; it; ru] ← Syadej-Yu,310,12700,?,Pechora Sea,RUS,[note 3],[5]
6,6,3,Pechora,Pechora,Pechora,Pechora,Pechora,1809,322000,4380,Pechora Sea near Naryan-Mar,RUS,,[6][7]
-,-,-,,Sula,Sula,Sula,Sula,353,10400,92,Pechora,RUS,,[8]
-,-,-,,Shapkina [de; ru] ← Lekeyyu [ru],Shapkina [de; ru] ← Lekeyyu [ru],Shapkina [de; ru] ← Lekeyyu [ru],Shapkina [de; ru] ← Lekeyyu [ru],506,6570,582,Pechora,RUS,,[9]
-,-,-,,Tsilma,Tsilma,Tsilma,Tsilma,374,21500,228,Pechora,RUS,,[10]
-,-,-,,Pizhma,Pizhma,Pizhma,Pizhma,389,5470,55,Pechora,RUS,,[11]
-,-,-,,Izhma,Izhma,Izhma,Izhma,531,31000,317,Pechora near Ust-Izhma,RUS,,[12][13]
-,-,-,,Laya [de; no; ru],Laya [de; no; ru],Laya [de; no; ru],Laya [de; no; ru],332,9530,50,Pechora,RUS,,[14]
-,-,-,,Usa,Usa,Usa,Usa,565,93600,1310,Pechora near Usinsk,RUS,,[15]
-,-,-,,,Kolva,Kolva,Kolva,546,18100,165,Usa near Usinsk,RUS,,[16]
-,-,-,,,Adzva,Adzva,Adzva,334,10600,110,Usa,RUS,,[17]
-,-,-,,,Kosyu [de; nl; ru],Kosyu [de; nl; ru],Kosyu [de; nl; ru],259,14800,122,Usa,RUS,,[18]
-,-,-,,,Bolshaya Rogovaya [de; no; ru],Bolshaya Rogovaya [de; no; ru],Bolshaya Rogovaya [de; no; ru],311,7290,?,Usa,RUS,,[19]
-,-,-,,Shchugor,Shchugor,Shchugor,Shchugor,300,9660,252,Pechora,RUS,,[20]
-,-,-,,Ilych,Ilych,Ilych,Ilych,411,16000,177,Pechora,RUS,,[21]
105,98,-,Voronya ← Lake Lovozero ← Kurga [ru],Voronya ← Lake Lovozero ← Kurga [ru],Voronya ← Lake Lovozero ← Kurga [ru],Voronya ← Lake Lovozero ← Kurga [ru],Voronya ← Lake Lovozero ← Kurga [ru],251,9940,114,Barents Sea,RUS,[note 4],[22]
84,58,61,Tuloma ← Lake Notozero ← Lutto,Tuloma ← Lake Notozero ← Lutto,Tuloma ← Lake Notozero ← Lutto,Tuloma ← Lake Notozero ← Lutto,Tuloma ← Lake Notozero ← Lutto,320,21140,241,Barents Sea near Murmansk,RUS FIN,[note 5],[23][2]
73,62,86,Paatsjoki ← Lake Inari ← Ivalo,Paatsjoki ← Lake Inari ← Ivalo,Paatsjoki ← Lake Inari ← Ivalo,Paatsjoki ← Lake Inari ← Ivalo,Paatsjoki ← Lake Inari ← Ivalo,360,18403,157,Barents Sea near Kirkenes,NOR RUS FIN,,[24][25]
70,72,73,Tana/Deatnu ← Karasjohka,Tana/Deatnu ← Karasjohka,Tana/Deatnu ← Karasjohka,Tana/Deatnu ← Karasjohka,Tana/Deatnu ← Karasjohka,366,16386,197,Barents Sea near Tana Bru,NOR FIN,[note 6],[2]
-,-,74,Jökulsá á Fjöllum,Jökulsá á Fjöllum,Jökulsá á Fjöllum,Jökulsá á Fjöllum,Jökulsá á Fjöllum,206,7750,183,Arctic Ocean,ISL,,[26]
-,-,32,Ölfusá ← Hvítá,Ölfusá ← Hvítá,Ölfusá ← Hvítá,Ölfusá ← Hvítá,Ölfusá ← Hvítá,185,6100,423,Atlantic Ocean near Selfoss,ISL,,[26][25]
-,-,39,Þjórsá,Þjórsá,Þjórsá,Þjórsá,Þjórsá,230,7530,370,Atlantic Ocean,ISL,,[26][25]
-,-,65,Kúðafljót,Kúðafljót,Kúðafljót,Kúðafljót,Kúðafljót,115,2400,250,Atlantic Ocean,ISL,,[26]
-,-,71,Jökulsá á Dal,Jökulsá á Dal,Jökulsá á Dal,Jökulsá á Dal,Jökulsá á Dal,150,3700,205,Atlantic Ocean,ISL,[note 7],[26]
-,-,-,Altaelva,Altaelva,Altaelva,Altaelva,Altaelva,240,8693,101,Norwegian Sea in Alta Municipality,NOR,,
-,-,78,Målselva ← Rostaelva,Målselva ← Rostaelva,Målselva ← Rostaelva,Målselva ← Rostaelva,Målselva ← Rostaelva,145,6144,171,Norwegian Sea in Målselv Municipality,NOR,,
-,-,70,Vefsna,Vefsna,Vefsna,Vefsna,Vefsna,161,4122,207,Norwegian Sea in Vefsn Municipality,NOR,,
-,-,53,Namsen,Namsen,Namsen,Namsen,Namsen,229,6298,285,Norwegian Sea in Namsos Municipality,NOR,,
-,-,-,Gaula (Trøndelag),Gaula (Trøndelag),Gaula (Trøndelag),Gaula (Trøndelag),Gaula (Trøndelag),153,3661,97,Norwegian Sea in Trondheim Municipality,NOR,,
-,-,-,Orkla (river),Orkla (river),Orkla (river),Orkla (river),Orkla (river),179,3053,67,Norwegian Sea in Orkland Municipality,NOR,,
-,-,90,Otra,Otra,Otra,Otra,Otra,245,3740,150,North Sea in Kristiansand Municipality,NOR,,
99,93,59,Skien ← Norsjø ← Saua ← Heddalsvatnet ← Tinne - etc. system,Skien ← Norsjø ← Saua ← Heddalsvatnet ← Tinne - etc. system,Skien ← Norsjø ← Saua ← Heddalsvatnet ← Tinne - etc. system,Skien ← Norsjø ← Saua ← Heddalsvatnet ← Tinne - etc. system,Skien ← Norsjø ← Saua ← Heddalsvatnet ← Tinne - etc. system,273,10815,263,Skagerrak in Porsgrunn Municipality,NOR,,
76,-,-,Numedalslågen,Numedalslågen,Numedalslågen,Numedalslågen,Numedalslågen,356,5554,111,Skagerrak in Larvik Municipality,NOR,,
89,66,49,Drammenselva ← Tyrifjorden ← Storelva-Ådalselva-Sperillen ← Begna ← Otrøelva,Drammenselva ← Tyrifjorden ← Storelva-Ådalselva-Sperillen ← Begna ← Otrøelva,Drammenselva ← Tyrifjorden ← Storelva-Ådalselva-Sperillen ← Begna ← Otrøelva,Drammenselva ← Tyrifjorden ← Storelva-Ådalselva-Sperillen ← Begna ← Otrøelva,Drammenselva ← Tyrifjorden ← Storelva-Ådalselva-Sperillen ← Begna ← Otrøelva,310,17113,314,Skagerrak in Drammen Municipality,NOR,,
38,37,15,Glomma/Glåma,Glomma/Glåma,Glomma/Glåma,Glomma/Glåma,Glomma/Glåma,619,42441,709,Skagerrak in Fredrikstad Municipality,NOR,,[2][25]
-,-,-,,Vorma ← Mjøsa ← Gudbrandsdalslågen,Vorma ← Mjøsa ← Gudbrandsdalslågen,Vorma ← Mjøsa ← Gudbrandsdalslågen,Vorma ← Mjøsa ← Gudbrandsdalslågen,358,17412,330,Glomma at Årnes in Nes Municipality,NOR,,
29,34,24,Göta älv ← Vänern ← Klarälven system,Göta älv ← Vänern ← Klarälven system,Göta älv ← Vänern ← Klarälven system,Göta älv ← Vänern ← Klarälven system,Göta älv ← Vänern ← Klarälven system,756,50229,554,Kattegat in Gothenburg,SWE NOR,,[27][25]
-,-,-,,Klarälven ← Trysilelva ← Femundelva ← Rogen,Klarälven ← Trysilelva ← Femundelva ← Rogen,Klarälven ← Trysilelva ← Femundelva ← Rogen,Klarälven ← Trysilelva ← Femundelva ← Rogen,460,11820,165,Vänern near Karlstad,SWE NOR,[note 8],
-,-,-,Ätran,Ätran,Ätran,Ätran,Ätran,243,3342,53,Kattegat in Falkenberg,SWE,,
-,-,-,Lagan,Lagan,Lagan,Lagan,Lagan,232,6452,82,Kattegat near Laholm,SWE,,
10,12,14,Elbe ← Vltava ← Teplá Vltava,Elbe ← Vltava ← Teplá Vltava,Elbe ← Vltava ← Teplá Vltava,Elbe ← Vltava ← Teplá Vltava,Elbe ← Vltava ← Teplá Vltava,1329,148268,860,Wadden Sea near Cuxhaven,GER CZE,[note 9],[28][2]
-,-,-,Elbe,Elbe,Elbe,Elbe,Elbe,1094,148268,860,Wadden Sea near Cuxhaven,GER CZE,[note 10],[28][2]
-,-,-,,Havel ← Spree,Havel ← Spree,Havel ← Spree,Havel ← Spree,560,24096,103,Elbe near Havelberg,GER,[note 11],[29]
-,-,-,,Havel,Havel,Havel,Havel,334,24096,103,Elbe near Havelberg,GER,,[29]
-,-,-,,,Spree,Spree,Spree,382,10110,35,Havel in Berlin-Spandau,GER,,[29]
-,-,-,,Saale,Saale,Saale,Saale,413,24167,117,Elbe in Barby,GER,,[29]
-,-,-,,,White Elster,White Elster,White Elster,257,5154,26,Saale near Halle (Saale),GER CZE,,[29]
-,-,-,,Mulde ← Zwickauer Mulde,Mulde ← Zwickauer Mulde,Mulde ← Zwickauer Mulde,Mulde ← Zwickauer Mulde,290,7400,75,Elbe in Dessau,GER,[note 12],[29]
-,-,-,,Ohře / Eger,Ohře / Eger,Ohře / Eger,Ohře / Eger,316,5588,38,Elbe in Litoměřice,CZE GER,,[29]
-,-,-,,Vltava - Teplá Vltava,Vltava - Teplá Vltava,Vltava - Teplá Vltava,Vltava - Teplá Vltava,431,28101,154,Elbe in Mělník,CZE,[note 13],[29]
30,35,44,Weser ← Werra,Weser ← Werra,Weser ← Werra,Weser ← Werra,Weser ← Werra,751,46259,365,Wadden Sea near Bremerhaven,GER,[note 14],[30][31]
-,-,-,,Aller ← Leine,Aller ← Leine,Aller ← Leine,Aller ← Leine,346,15721,120,Weser near Verden,GER,[note 15],[30]
-,-,-,,Aller,Aller,Aller,Aller,260,15721,120,Weser near Verden,GER,211?,[30]
-,-,-,,,Leine,Leine,Leine,278,6517,62,Aller near Schwarmstedt,GER,,[30]
-,-,-,,Fulda,Fulda,Fulda,Fulda,220,6947,67,Weser in Hannoversch Münden,GER,,[30]
-,-,-,,Werra,Werra,Werra,Werra,300,5497,50,Weser in Hannoversch Münden,GER,,[30]
69,64,-,Ems,Ems,Ems,Ems,Ems,371,17802,89,Wadden Sea near Delfzijl,GER NED,[note 16],[31][2]
-,-,-,Zwarte Water ← Vecht/Vechte,Zwarte Water ← Vecht/Vechte,Zwarte Water ← Vecht/Vechte,Zwarte Water ← Vecht/Vechte,Zwarte Water ← Vecht/Vechte,201,5741,50,IJsselmeer near Genemuiden,NED GER,[note 17],[32]
-,-,41,IJssel ← Oude IJssel,IJssel ← Oude IJssel,IJssel ← Oude IJssel,IJssel ← Oude IJssel,IJssel ← Oude IJssel,188,4533,380,IJsselmeer near Kampen,NED GER,[note 18],[33][34]
11,11,6,Rhine,Rhine,Rhine,Rhine,Rhine,1233,185263,2315,North Sea at Hook of Holland,NED GER FRA  AUT LIE SWI,[note 19],
-,-,-,,Waal,Waal,Waal,Waal,82,?,1500,Rhine delta in Gorinchem,NED,[note 20],
-,-,-,,Lek,Lek,Lek,Lek,62,?,429,Rhine delta at Kinderdijk,NED,[note 20],
-,-,-,,Lippe ← Alme,Lippe ← Alme,Lippe ← Alme,Lippe ← Alme,268,4882,46,Rhine in Wesel,GER,[note 21],[32]
-,-,-,,Ruhr ← Neger ← Renau,Ruhr ← Neger ← Renau,Ruhr ← Neger ← Renau,Ruhr ← Neger ← Renau,227,4485,82,Rhine in Duisburg,GER,[note 22],[32]
-,-,-,,Moselle ← Moselotte,Moselle ← Moselotte,Moselle ← Moselotte,Moselle ← Moselotte,549,28153,320,Rhine in Koblenz,GER LUX FRA,[note 23],[35][2]
-,-,-,,,Saar,Saar,Saar,235,7431,78,Moselle near Konz,GER FRA,,[35]
-,-,-,,,Sauer,Sauer,Sauer,173,4259,41,Moselle in Wasserbillig,LUX GER BEL,,[35]
-,-,-,,Lahn ← Ohm ← Felda,Lahn ← Ohm ← Felda,Lahn ← Ohm ← Felda,Lahn ← Ohm ← Felda,251,5925,51,Rhine in Lahnstein,GER,[note 24],[32]
-,-,-,,Main ← Regnitz system,Main ← Regnitz system,Main ← Regnitz system,Main ← Regnitz system,583,27208,211,Rhine in Mainz,GER,[note 25],[36]
-,-,-,,Main,Main,Main,Main,525,27208,211,Rhine in Mainz,GER,[note 26],[36]
-,-,-,,,Regnitz ← Pegnitz ← Fichtenohe,Regnitz ← Pegnitz ← Fichtenohe,Regnitz ← Pegnitz ← Fichtenohe,191,7521,57,Main in Bamberg,GER,[note 27],[36]
-,-,-,,Neckar ← Eschach,Neckar ← Eschach,Neckar ← Eschach,Neckar ← Eschach,380,13934,136,Rhine in Mannheim,GER,,[37]
-,-,-,,Ill,Ill,Ill,Ill,217,4760,54,Rhine near Strasbourg,FRA,,[38]
-,-,-,,Aare,Aare,Aare,Aare,288,17684,559,Rhine in Koblenz,SWI,,[39]
-,-,-,,,Limmat ← Lake Zürich ← Linth,Limmat ← Lake Zürich ← Linth,Limmat ← Lake Zürich ← Linth,140,2417,101,Aare in Brugg,SWI,,[39]
-,-,-,,,Reuss,Reuss,Reuss,164,3443,140,Aare in Brugg,SWI,,[39]
20,40,46,Meuse/Maas,Meuse/Maas,Meuse/Maas,Meuse/Maas,Meuse/Maas,950,34364,357,North Sea near Hellevoetsluis,NED BEL FRA,[note 28],[40][2]
-,-,-,,Ourthe,Ourthe,Ourthe,Ourthe,181,3624,55,Meuse in Liège,BEL,,
-,-,-,,Sambre,Sambre,Sambre,Sambre,193,2856,29,Meuse in Namur,BEL FRA,,
73,56,-,Scheldt,Scheldt,Scheldt,Scheldt,Scheldt,360,21683,129,North Sea near Flushing,NED BEL FRA,[note 29],[41][42][31]
-,-,-,,Leie/Lys,Leie/Lys,Leie/Lys,Leie/Lys,202,4305,28,Scheldt in Ghent,BEL FRA,,[41]
73,77,-,Thames ← Churn,Thames ← Churn,Thames ← Churn,Thames ← Churn,Thames ← Churn,360,14292,66,North Sea near Southend-on-Sea,UK,[note 30],[43]
-,-,-,Great Ouse,Great Ouse,Great Ouse,Great Ouse,Great Ouse,230,8172,39,North Sea in King's Lynn,UK,,[44]
92,96,-,Trent,Trent,Trent,Trent,Trent,298,10435,100,Humber Estuary near Scunthorpe,UK,[note 31],[45]
-,94,-,Ouse ← Ure,Ouse ← Ure,Ouse ← Ure,Ouse ← Ure,Ouse ← Ure,208,10704,145,Humber Estuary near Scunthorpe,UK,[note 32],[46]
-,-,-,Tyne ← North Tyne,Tyne ← North Tyne,Tyne ← North Tyne,Tyne ← North Tyne,Tyne ← North Tyne,118,2936,45,North Sea at South Shields,UK,,
-,-,-,Tweed,Tweed,Tweed,Tweed,Tweed,156,4988,90,North Sea in Berwick-upon-Tweed,UK,,[47][48]
-,-,67,Tay,Tay,Tay,Tay,Tay,193,6019,220,North Sea near Dundee,UK,[note 33],[49]
-,-,-,Spey,Spey,Spey,Spey,Spey,173,2944,66,North Sea near Elgin,UK,,[50]
18,20,12,Mezen,Mezen,Mezen,Mezen,Mezen,966,78000,890,White Sea (Mezen Bay) near Mezen,RUS,,[51][25]
-,-,-,,Pyoza,Pyoza,Pyoza,Pyoza,363,15100,123,Mezen,RUS,,[52][53]
-,-,-,,Vashka,Vashka,Vashka,Vashka,605,20500,184,Mezen,RUS,,[54]
78,60,-,Kuloy ← Sotka,Kuloy ← Sotka,Kuloy ← Sotka,Kuloy ← Sotka,Kuloy ← Sotka,350,19000,17,White Sea near Dolgoshchelye,RUS,[note 8],[55]
7,5,4,Northern Dvina ← Vychegda,Northern Dvina ← Vychegda,Northern Dvina ← Vychegda,Northern Dvina ← Vychegda,Northern Dvina ← Vychegda,1803,357052,3330,Dvina Bay in Severodvinsk,RUS,[note 34],[56][25]
-,-,-,Northern Dvina ← Sukhona ← Lake Kubenskoye ← Kubena,Northern Dvina ← Sukhona ← Lake Kubenskoye ← Kubena,Northern Dvina ← Sukhona ← Lake Kubenskoye ← Kubena,Northern Dvina ← Sukhona ← Lake Kubenskoye ← Kubena,Northern Dvina ← Sukhona ← Lake Kubenskoye ← Kubena,1685,357052,3330,Dvina Bay in Severodvinsk,RUS,[note 35],[56][25]
-,-,-,,Pinega,Pinega,Pinega,Pinega,779,42600,430,Northern Dvina in Ust-Pinega,RUS,,[57]
-,-,-,,-,Yula,Yula,Yula,250,5290,49,Pinega,RUS,,[58]
-,-,-,,Yemtsa ← Mekhrenga,Yemtsa ← Mekhrenga,Yemtsa ← Mekhrenga,Yemtsa ← Mekhrenga,299,14100,70,Northern Dvina near Bolshaya Gora,RUS,[note 36],[59]
-,-,-,,Vaga ← Ustya,Vaga ← Ustya,Vaga ← Ustya,Vaga ← Ustya,736,44800,384,Northern Dvina near Bereznik,RUS,[note 37],[60]
-,-,-,,Vaga,Vaga,Vaga,Vaga,575,44800,384,Northern Dvina near Bereznik,RUS,,[61]
-,-,-,,,Ustya,Ustya,Ustya,477,17500,92,Vaga,RUS,,[62]
-,-,-,,,,Kokshenga,Kokshenga,251,5670,36,Ustya,RUS,,[63]
-,-,-,,Vychegda,Vychegda,Vychegda,Vychegda,1130,121000,1160,Northern Dvina in Kotlas,RUS,,[64]
-,-,-,,,Viled,Viled,Viled,321,5610,43,Vychegda near Koryazhma,RUS,,[65]
-,-,-,,,Yarenga,Yarenga,Yarenga,281,5140,49,Vychegda,RUS,,[66]
-,-,-,,,Vym,Vym,Vym,499,25600,260,Vychegda near Ust-Vym,RUS,,[67]
-,-,-,,,,Yolva [de],Yolva [de],255,3440,31,Vym,RUS,,[68][69]
-,-,-,,,Sysola,Sysola,Sysola,487,17200,105,Vychegda in Syktyvkar,RUS,,[70][71]
-,-,-,,,Lokchim [de; ru],Lokchim [de; ru],Lokchim [de; ru],272,6600,52,Vychegda,RUS,,[72]
-,-,-,,,Vishera,Vishera,Vishera,247,8780,79,Vychegda,RUS,,[73]
-,-,-,,,Nem [de; ru],Nem [de; ru],Nem [de; ru],260,4230,37,Vychegda,RUS,,[74]
-,-,-,,Lower Yug ← Luza,Lower Yug ← Luza,Lower Yug ← Luza,Lower Yug ← Luza,609,35600,290,Northern Dvina in Veliky Ustyug,RUS,[note 38],[75]
-,-,-,,Yug,Yug,Yug,Yug,574,35600,290,Northern Dvina in Veliky Ustyug,RUS,,[76][77]
-,-,-,,,Luza,Luza,Luza,574,18300,132,Yug,RUS,,[78]
-,-,-,,Sukhona ← Lake Kubenskoye ← Kubena,Sukhona ← Lake Kubenskoye ← Kubena,Sukhona ← Lake Kubenskoye ← Kubena,Sukhona ← Lake Kubenskoye ← Kubena,941,50300,438,Northern Dvina in Veliky Ustyug,RUS,[note 39],[79]
33,28,28,Onega ← Lake Lacha ← Svid ← Lake Vozhe ← Vozhega,Onega ← Lake Lacha ← Svid ← Lake Vozhe ← Vozhega,Onega ← Lake Lacha ← Svid ← Lake Vozhe ← Vozhega,Onega ← Lake Lacha ← Svid ← Lake Vozhe ← Vozhega,Onega ← Lake Lacha ← Svid ← Lake Vozhe ← Vozhega,680,56900,492,Onega Bay at Onega town,RUS,[note 40],[80][81]
-,-,-,Onega,Onega,Onega,Onega,Onega,416,56900,492,Onega Bay at Onega town,RUS,,[82]
-,-,-,,Voloshka,Voloshka,Voloshka,Voloshka,260,7100,72,Onega,RUS,,[83]
55,45,58,Lower Vyg ← Lake Vygozero ← Segezha [de; ru]-system,Lower Vyg ← Lake Vygozero ← Segezha [de; ru]-system,Lower Vyg ← Lake Vygozero ← Segezha [de; ru]-system,Lower Vyg ← Lake Vygozero ← Segezha [de; ru]-system,Lower Vyg ← Lake Vygozero ← Segezha [de; ru]-system,436,27100,267,White Sea near Belomorsk,RUS,[note 41],[84][85]
-,-,-,Vyg ← Umba [ru],Vyg ← Umba [ru],Vyg ← Umba [ru],Vyg ← Umba [ru],Vyg ← Umba [ru],315,27100,267,White Sea near Belomorsk,RUS,[note 42],[86]
-,-,-,,Segezha [de; ru] ← Lake Segozero ← Vuoloma [de; ru] ← Talviesdegi [ru],Segezha [de; ru] ← Lake Segozero ← Vuoloma [de; ru] ← Talviesdegi [ru],Segezha [de; ru] ← Lake Segozero ← Vuoloma [de; ru] ← Talviesdegi [ru],Segezha [de; ru] ← Lake Segozero ← Vuoloma [de; ru] ← Talviesdegi [ru],329,9140,74,Lake Vygozero near Segezha,RUS,[note 43],[87]
59,44,55,Kem ← Čirka-Kem [de; ru],Kem ← Čirka-Kem [de; ru],Kem ← Čirka-Kem [de; ru],Kem ← Čirka-Kem [de; ru],Kem ← Čirka-Kem [de; ru],422,27700,279,White Sea near Kem,RUS,[note 44],[88]
-,-,-,Kem ← Kuyto Lakes ← Pista/Pistojoki [de; fi; ru],Kem ← Kuyto Lakes ← Pista/Pistojoki [de; fi; ru],Kem ← Kuyto Lakes ← Pista/Pistojoki [de; fi; ru],Kem ← Kuyto Lakes ← Pista/Pistojoki [de; fi; ru],Kem ← Kuyto Lakes ← Pista/Pistojoki [de; fi; ru],399,27700,279,White Sea near Kem,RUS FIN,[note 45],[89]
82,49,56,Kovda ← Lake Topozero ← Karango [ru],Kovda ← Lake Topozero ← Karango [ru],Kovda ← Lake Topozero ← Karango [ru],Kovda ← Lake Topozero ← Karango [ru],Kovda ← Lake Topozero ← Karango [ru],325,26100,276,Kandalaksha Gulf,RUS FIN,[note 46],[90][91]
-,85,83,Niva,Niva,Niva,Niva,Niva,36,12830,164,Kandalaksha Gulf near Kandalaksha,RUS,[note 47],[92]
104,-,-,Varzuga,Varzuga,Varzuga,Varzuga,Varzuga,254,9840,79,White Sea,RUS,,[93]
58,74,81,Ponoy,Ponoy,Ponoy,Ponoy,Ponoy,426,15500,167,White Sea,RUS,,[94][95]
96,75,-,Motala ström ← Vättern ← Huskvarnaån system,Motala ström ← Vättern ← Huskvarnaån system,Motala ström ← Vättern ← Huskvarnaån system,Motala ström ← Vättern ← Huskvarnaån system,Motala ström ← Vättern ← Huskvarnaån system,285,15481,100,Baltic Sea in Norrköping,SWE,,[27]
91,54,82,Norrström ← Mälaren ← Kolbäcksån system,Norrström ← Mälaren ← Kolbäcksån system,Norrström ← Mälaren ← Kolbäcksån system,Norrström ← Mälaren ← Kolbäcksån system,Norrström ← Mälaren ← Kolbäcksån system,307,22650,166,Baltic Sea in Stockholm,SWE,,[27]
43,43,47,Dalälven ← Österdalälven,Dalälven ← Österdalälven,Dalälven ← Österdalälven,Dalälven ← Österdalälven,Dalälven ← Österdalälven,542,28954,353,Bothnian Sea near Gävle,SWE NOR,,[96][25]
-,-,-,,Västerdalälven ← Fulan,Västerdalälven ← Fulan,Västerdalälven ← Fulan,Västerdalälven ← Fulan,315,8642,124,Dalälven in Djurås,SWE,,[96]
52,59,66,Ljusnan,Ljusnan,Ljusnan,Ljusnan,Ljusnan,443,19828,226,Bothnian Sea in Söderhamn,SWE,,[96]
64,84,-,Ljungan,Ljungan,Ljungan,Ljungan,Ljungan,399,12851,135,Bothnian Sea near Sundsvall,SWE,,[96]
57,48,30,Indalsälven,Indalsälven,Indalsälven,Indalsälven,Indalsälven,430,26726,448,Bothnian Sea near Sundsvall,SWE,,[96][25]
48,42,29,Ångerman,Ångerman,Ångerman,Ångerman,Ångerman,463,31864,481,Bothnian Sea near Kramfors,SWE,,[96][25]
-,-,-,,Faxälven,Faxälven,Faxälven,Faxälven,399,9037,152,Ångerman near Sollefteå,SWE,,[96]
-,-,-,,Fjällsjöälven,Fjällsjöälven,Fjällsjöälven,Fjällsjöälven,263,8432,139,Ångerman near Näsåker,SWE,,[96]
47,47,33,Umeälven,Umeälven,Umeälven,Umeälven,Umeälven,467,26815,435,Bothnian Sea in Umeå,SWE,,[96][25]
-,-,-,,Vindelälven,Vindelälven,Vindelälven,Vindelälven,453,12654,188,Umeälven near Umeå,SWE,,[96]
53,89,86,Skellefteälven,Skellefteälven,Skellefteälven,Skellefteälven,Skellefteälven,440,11731,157,Bothnian Bay in Skellefteå,SWE,,[96]
63,92,89,Piteälven,Piteälven,Piteälven,Piteälven,Piteälven,402,11285,156,Bothnian Bay in Piteå,SWE,,[96]
49,50,26,Luleälven,Luleälven,Luleälven,Luleälven,Luleälven,461,25240,500,Bothnian Bay in Luleå,SWE,,[96][25]
-,-,-,,Lesser Lule,Lesser Lule,Lesser Lule,Lesser Lule,238,9678,180,Luleälven near Vuollerim,SWE,,[96]
49,63,52,Kalixälven,Kalixälven,Kalixälven,Kalixälven,Kalixälven,461,18130,289,Bothnian Bay in Kalix,SWE,,[96]
40,38,34,Torne ← Torneträsk ← Abiskojokk ← Válfojohka,Torne ← Torneträsk ← Abiskojokk ← Válfojohka,Torne ← Torneträsk ← Abiskojokk ← Válfojohka,Torne ← Torneträsk ← Abiskojokk ← Válfojohka,Torne ← Torneträsk ← Abiskojokk ← Válfojohka,565,40157,430,Bothnian Bay in Tornio,SWE FIN NOR,[note 48],[96][2]
-,-,-,,Muonio ← Könkämäeno ← Kilpisjärvi,Muonio ← Könkämäeno ← Kilpisjärvi,Muonio ← Könkämäeno ← Kilpisjärvi,Muonio ← Könkämäeno ← Kilpisjärvi,350,14430,162,Torne near Pajala,SWE FIN NOR,[note 49],[96]
-,-,-,,Lainioälven ← Rostoeatnu ← Rostojávri ← Ohmátjohka,Lainioälven ← Rostoeatnu ← Rostojávri ← Ohmátjohka,Lainioälven ← Rostoeatnu ← Rostojávri ← Ohmátjohka,Lainioälven ← Rostoeatnu ← Rostojávri ← Ohmátjohka,290,6002,70,Torne near Junosuando,SWE NOR,[note 50],[96]
42,33,25,Kemijoki,Kemijoki,Kemijoki,Kemijoki,Kemijoki,552,51127,553,Bothnian Bay in Kemi,FIN,,[2][25]
-,-,-,,Ounasjoki,Ounasjoki,Ounasjoki,Ounasjoki,300,13968,140,Kemijoki in Rovaniemi,FIN,,[97]
-,-,-,,Kitinen,Kitinen,Kitinen,Kitinen,278,11214,?,Kemijoki near Pelkosenniemi,FIN,,
86,78,76,Iijoki,Iijoki,Iijoki,Iijoki,Iijoki,310,14191,174,Bothnian Bay in Ii,FIN,[note 51],
60,53,60,Oulujoki ← Oulujärvi ← Hyrynsalmi system,Oulujoki ← Oulujärvi ← Hyrynsalmi system,Oulujoki ← Oulujärvi ← Hyrynsalmi system,Oulujoki ← Oulujärvi ← Hyrynsalmi system,Oulujoki ← Oulujärvi ← Hyrynsalmi system,420,22841,262,Bothnian Bay in Oulu,FIN,[note 52],[2]
-,46,63,Kokemäenjoki,Kokemäenjoki,Kokemäenjoki,Kokemäenjoki,Kokemäenjoki,150,27046,238,Bothnian Sea in Pori,FIN,[note 53],
41,39,54,Kymi ← Lake Päijänne ←←← Koivujärvi sources,Kymi ← Lake Päijänne ←←← Koivujärvi sources,Kymi ← Lake Päijänne ←←← Koivujärvi sources,Kymi ← Lake Päijänne ←←← Koivujärvi sources,Kymi ← Lake Päijänne ←←← Koivujärvi sources,554,37159,282,Gulf of Finland in Kotka,FIN,[note 54],
15,7,5,Neva ← Lake Ladoga ← Volkhov-system,Neva ← Lake Ladoga ← Volkhov-system,Neva ← Lake Ladoga ← Volkhov-system,Neva ← Lake Ladoga ← Volkhov-system,Neva ← Lake Ladoga ← Volkhov-system,1010,281000,2490,Gulf of Finland in Saint Petersburg,RUS,[note 55],[98][25]
-,-,-,Neva,Neva,Neva,Neva,Neva,74,281000,2490,Gulf of Finland in Saint Petersburg,RUS,,[98][25]
-,-,-,,Vuoksi ← Saimaa ← Pielisjoki-system,Vuoksi ← Saimaa ← Pielisjoki-system,Vuoksi ← Saimaa ← Pielisjoki-system,Vuoksi ← Saimaa ← Pielisjoki-system,806,68501,584,Lake Ladoga at Solovyovo and at Priozersk,RUS FIN,[note 56],[99][2]
-,-,-,,,Pielisjoki ← Pielinen ← Lieksanjoki ←← Murdoyoki [ru],Pielisjoki ← Pielinen ← Lieksanjoki ←← Murdoyoki [ru],Pielisjoki ← Pielinen ← Lieksanjoki ←← Murdoyoki [ru],390,20000,240,Lake Saimaa in Joensuu,FIN RUS,[note 57],
-,-,-,,Svir ← Lake Onega ← Vodla-system,Svir ← Lake Onega ← Vodla-system,Svir ← Lake Onega ← Vodla-system,Svir ← Lake Onega ← Vodla-system,678,88200,790,Lake Ladoga near Lodeynoye Pole,RUS,[note 58],[100]
-,-,-,,,Oyat,Oyat,Oyat,266,5220,52,Svir near Lodeynoye Pole,RUS,,[101]
-,-,-,,,Shuya,Shuya,Shuya,194,10100,130,Lake Onega near Petrozavodsk,RUS,,[102]
-,-,-,,,Suna,Suna,Suna,280,7670,66,Lake Onega near Kondopoga,RUS,,[103]
-,-,-,,,Vodla ← Lake Vodlozero ← Ileksa ← Olova [ru],Vodla ← Lake Vodlozero ← Ileksa ← Olova [ru],Vodla ← Lake Vodlozero ← Ileksa ← Olova [ru],358,13700,130,Lake Onega near Pudozh,RUS,[note 59],[104]
-,-,-,,Syas,Syas,Syas,Syas,260,7330,53,Lake Ladoga in Syasstroy,RUS,,[105]
-,-,-,,Volkhov ← Lake Ilmen ← Msta-system,Volkhov ← Lake Ilmen ← Msta-system,Volkhov ← Lake Ilmen ← Msta-system,Volkhov ← Lake Ilmen ← Msta-system,844,80200,580,Lake Ladoga near Volkhov,RUS,[note 60],[106]
-,-,-,,,Msta ← Lake Mstino ← Tsna,Msta ← Lake Mstino ← Tsna,Msta ← Lake Mstino ← Tsna,620,23300,202,Lake Ilmen near Velikiy Novgorod,RUS,[note 61],[107]
-,-,-,,,Pola,Pola,Pola,267,7420,63,Lake Ilmen near Staraya Russa,RUS,,[108]
-,-,-,,,Lovat,Lovat,Lovat,530,21900,105,Lake Ilmen near Staraya Russa,RUS BLR,,[109]
-,-,-,,,Shelon,Shelon,Shelon,248,9710,44,Lake Ilmen near Shimsk,RUS,,[110]
67,83,-,Luga ← Oredezh,Luga ← Oredezh,Luga ← Oredezh,Luga ← Oredezh,Luga ← Oredezh,383,13364,93,Gulf of Finland in Ust-Luga,RUS,[note 62],[111]
-,-,-,Luga,Luga,Luga,Luga,Luga,353,13364,93,Gulf of Finland in Ust-Luga,RUS,,[112]
35,29,37,Narva ← Lake Peipus ← Velikaya,Narva ← Lake Peipus ← Velikaya,Narva ← Lake Peipus ← Velikaya,Narva ← Lake Peipus ← Velikaya,Narva ← Lake Peipus ← Velikaya,647,56229,400,Gulf of Finland near Narva,EST RUS,,[2]
-,-,-,Narva,Narva,Narva,Narva,Narva,77,56229,400,Gulf of Finland near Narva,EST RUS,,[2]
-,-,-,,Plyussa,Plyussa,Plyussa,Plyussa,281,6963,50,Narva near Narva,RUS,,[113]
-,-,-,,Velikaya,Velikaya,Velikaya,Velikaya,430,25153,134,Lake Peipus near Pskov,RUS,,[114]
-,-,-,,Emajõgi ← Võrtsjärv ← Väike Emajõgi,Emajõgi ← Võrtsjärv ← Väike Emajõgi,Emajõgi ← Võrtsjärv ← Väike Emajõgi,Emajõgi ← Võrtsjärv ← Väike Emajõgi,218,10039,70,Lake Peipus,EST,[note 63],[115]
-,-,-,Pärnu,Pärnu,Pärnu,Pärnu,Pärnu,144,6887,64,Gulf of Riga in Pärnu,EST,,[116]
51,-,-,Gauja,Gauja,Gauja,Gauja,Gauja,452,9161,71,Gulf of Riga near Riga,LAT EST,,[2]
14,18,19,Daugava/Western Dvina,Daugava/Western Dvina,Daugava/Western Dvina,Daugava/Western Dvina,Daugava/Western Dvina,1020,85613,640,Gulf of Riga near Riga,LAT BLR RUS,,[25]
-,-,-,,Aiviekste ← Pededze,Aiviekste ← Pededze,Aiviekste ← Pededze,Aiviekste ← Pededze,254,9135,57,Daugava near Pļaviņas,LAT EST,[note 64],[117]
-,-,-,,Mezha,Mezha,Mezha,Mezha,259,9525,61,Daugava near Doroshkino,RUS,,
86,65,-,Lielupe ← Mēmele/Nemunėlis,Lielupe ← Mēmele/Nemunėlis,Lielupe ← Mēmele/Nemunėlis,Lielupe ← Mēmele/Nemunėlis,Lielupe ← Mēmele/Nemunėlis,310,17504,106,Gulf of Riga near Jūrmala,LAT LIT,,[2]
79,87,-,Venta,Venta,Venta,Venta,Venta,346,11843,98,Baltic Sea in Ventspils,LAT LIT,,[2]
22,17,20,Neman,Neman,Neman,Neman,Neman,914,92523,634,Baltic Sea near Šilutė,LIT RUS BLR,,[2]
-,-,-,,Šešupė,Šešupė,Šešupė,Šešupė,298,6194,34,Neman near Neman,LIT RUS POL,,
-,-,-,,Nevėžis,Nevėžis,Nevėžis,Nevėžis,209,5947,33,Neman near Raudondvaris,LIT,,
-,-,-,,Neris/Viliya,Neris/Viliya,Neris/Viliya,Neris/Viliya,510,25254,182,Neman in Kaunas,LIT BLR,,
-,-,-,,,Šventoji,Šventoji,Šventoji,246,6804,56,Neris in Jonava,LIT,,
-,-,-,,Shchara,Shchara,Shchara,Shchara,325,6724,31,Neman,BLR,,
80,79,-,Pregolya ← Lava/Łyna,Pregolya ← Lava/Łyna,Pregolya ← Lava/Łyna,Pregolya ← Lava/Łyna,Pregolya ← Lava/Łyna,336,14117,90,Baltic Sea near Kaliningrad,RUS POL,[note 65],[118]
-,-,-,Pregolya ← Angrapa ← Gołdapa,Pregolya ← Angrapa ← Gołdapa,Pregolya ← Angrapa ← Gołdapa,Pregolya ← Angrapa ← Gołdapa,Pregolya ← Angrapa ← Gołdapa,310,14117,90,Baltic Sea near Kaliningrad,RUS POL,[note 66],[119]
-,-,-,,Łyna/Alna/Lava,Łyna/Alna/Lava,Łyna/Alna/Lava,Łyna/Alna/Lava,264,7020,40,Pregolya in Znamensk,RUS POL,[note 67],[120][121]
12,9,10,Vistula ← Bugonarew ← Western Bug,Vistula ← Bugonarew ← Western Bug,Vistula ← Bugonarew ← Western Bug,Vistula ← Bugonarew ← Western Bug,Vistula ← Bugonarew ← Western Bug,1211,192632,1080,Baltic Sea near Gdańsk,POL BLR UKR,[note 68],[122][2][25]
-,-,-,Vistula,Vistula,Vistula,Vistula,Vistula,1047,192632,1080,Baltic Sea near Gdańsk,POL,[note 69],[122][2][25]
-,-,-,,Bugonarew ← Western Bug,Bugonarew ← Western Bug,Bugonarew ← Western Bug,Bugonarew ← Western Bug,810,74714,328,Vistula in Nowy Dwór Mazowiecki,POL BLR UKR,[note 70],
-,-,-,,,Wkra,Wkra,Wkra,249,5322,20,Bugonarew near Nowy Dwór Mazowiecki,POL,,[123]
-,-,-,,,Narew,Narew,Narew,446,28645,146,Bugonarew near Serock,POL,[note 71],[124]
-,-,-,,,Western Bug,Western Bug,Western Bug,772,38676,158,Bugonarew near Serock,POL BLR UKR,,[125]
-,-,-,,Pilica,Pilica,Pilica,Pilica,319,9138,46,Vistula near Warka,POL,,[126]
-,-,-,,Wieprz,Wieprz,Wieprz,Wieprz,303,10256,43,Vistula in Dęblin,POL,,[127]
-,-,-,,San,San,San,San,443,16769,126,Vistula near Sandomierz,POL UKR,,[128]
-,-,-,,Dunajec,Dunajec,Dunajec,Dunajec,247,6802,85,Vistula in Opatowiec,POL SVK,,[129][2]
13,13,22,Oder ← Warta,Oder ← Warta,Oder ← Warta,Oder ← Warta,Oder ← Warta,1045,118791,574,Baltic Sea in Świnoujście,GER POL,[note 72],[130][2]
-,-,-,Oder,Oder,Oder,Oder,Oder,854,118791,574,Baltic Sea in Świnoujście,GER POL CZE,[note 73],[2][25]
-,-,-,,Warta,Warta,Warta,Warta,808,55538,195,Oder in Kostrzyn nad Odrą,POL,,[130]
-,-,-,,,Noteć,Noteć,Noteć,388,17159,76,Warta in Santok,POL,,[131]
-,-,-,,Lusatian Neisse,Lusatian Neisse,Lusatian Neisse,Lusatian Neisse,255,4403,31,Oder in Neißemünde,GER POL CZE,,[132]
-,-,-,,Bóbr,Bóbr,Bóbr,Bóbr,272,5943,39,Oder in Krosno Odrzańskie,POL CZE,,[133]
-,-,-,Clyde,Clyde,Clyde,Clyde,Clyde,176,3045,83,North Channel near Glasgow,UK,,[134]
-,-,-,Lower Bann ← Lough Neagh ← Ulster Blackwater,Lower Bann ← Lough Neagh ← Ulster Blackwater,Lower Bann ← Lough Neagh ← Ulster Blackwater,Lower Bann ← Lough Neagh ← Ulster Blackwater,Lower Bann ← Lough Neagh ← Ulster Blackwater,186,5775,92,North Channel in Coleraine,UK IRL,,[31]
101,88,69,Shannon,Shannon,Shannon,Shannon,Shannon,258,11773,208,Shannon Estuary near Limerick,IRL,[note 74],[31]
-,-,86,The Three Sisters,The Three Sisters,The Three Sisters,The Three Sisters,The Three Sisters,192,9207,157,Celtic Sea near Waterford,IRL,[note 75],[135][31]
-,-,-,Mersey ← Tame,Mersey ← Tame,Mersey ← Tame,Mersey ← Tame,Mersey ← Tame,160,4312,66,Irish Sea near Liverpool,UK,[note 76],[136]
-,-,-,Wye,Wye,Wye,Wye,Wye,215,4136,80,Severn Estuary near Chepstow,UK,,[137]
77,91,-,Severn,Severn,Severn,Severn,Severn,354,11420,120,Bristol Channel near Weston-super-Mare,UK,,[138]
-,-,-,Somme,Somme,Somme,Somme,Somme,245,6548,37,English Channel near Abbeville,FRA,,[31][41]
26,21,23,Seine ← Marne,Seine ← Marne,Seine ← Marne,Seine ← Marne,Seine ← Marne,875,75374,560,English Channel in Le Havre,FRA,[note 77],[139]
-,-,-,Seine,Seine,Seine,Seine,Seine,777,75374,560,English Channel in Le Havre,FRA,[note 78],[139]
-,-,-,,Eure,Eure,Eure,Eure,229,6017,26,Seine in Pont-de-l'Arche,FRA,,[140]
-,-,-,,Oise ← Aisne ← Aire,Oise ← Aisne ← Aire,Oise ← Aisne ← Aire,Oise ← Aisne ← Aire,454,16783,110,Seine in Conflans-Sainte-Honorine,FRA,[note 79],
-,-,-,,Oise,Oise,Oise,Oise,341,16783,110,Seine in Conflans-Sainte-Honorine,FRA BEL,,[141]
-,-,-,,,Aisne,Aisne,Aisne,356,7939,65,Oise in Compiègne,FRA,,[142]
-,-,-,,Marne,Marne,Marne,Marne,514,12783,110,Seine in Ivry-sur-Seine,FRA,,[143]
-,-,-,,Yonne,Yonne,Yonne,Yonne,292,10836,93,Seine in Montereau-Fault-Yonne,FRA,,[144]
-,-,-,,Aube,Aube,Aube,Aube,249,4595,41,Seine near Romilly-sur-Seine,FRA,,[145]
-,95,-,Vilaine,Vilaine,Vilaine,Vilaine,Vilaine,218,10459,72,Bay of Biscay in Pénestin,FRA,,[146]
17,14,13,Loire,Loire,Loire,Loire,Loire,1006,117356,889,Bay of Biscay in Saint-Nazaire,FRA,,[147][148]
-,-,-,,Maine ← Sarthe ← Loir,Maine ← Sarthe ← Loir,Maine ← Sarthe ← Loir,Maine ← Sarthe ← Loir,338,22240,127,Loire near Angers,FRA,[note 80],[149]
-,-,-,,,Mayenne,Mayenne,Mayenne,202,5844,50,Maine near Angers,FRA,,[150]
-,-,-,,,Sarthe,Sarthe,Sarthe,314,16250,82,Maine near Angers,FRA,,[151]
-,-,-,,,,Loir,Loir,317,8294,32,Sarthe near Angers,FRA,,[152]
-,-,-,,Vienne,Vienne,Vienne,Vienne,363,21161,210,Loire in Candes-Saint-Martin,FRA,,[153]
-,-,-,,,Creuse,Creuse,Creuse,264,10279,85,Vienne near Châtellerault,FRA,,[154]
-,-,-,,Indre,Indre,Indre,Indre,279,3428,19,Loire near Candes-Saint-Martin,FRA,,[155]
-,-,-,,Cher,Cher,Cher,Cher,368,13718,96,Loire in Villandry,FRA,,[156]
-,-,-,,Allier,Allier,Allier,Allier,421,14350,144,Loire near Nevers,FRA,,[157]
68,99,-,Charente,Charente,Charente,Charente,Charente,381,9855,49,Bay of Biscay near Rochefort,FRA,,[158]
46,52,41,Dordogne,Dordogne,Dordogne,Dordogne,Dordogne,483,23957,380,Gironde estuary near Bordeaux,FRA,,[159]
-,-,-,,Isle,Isle,Isle,Isle,255,7558,63,Dordogne in Libourne,FRA,,[160]
-,-,-,,Vézère,Vézère,Vézère,Vézère,211,3715,58,Dordogne near Le Bugue,FRA,,[161]
39,30,17,Garonne ← Tarn,Garonne ← Tarn,Garonne ← Tarn,Garonne ← Tarn,Garonne ← Tarn,610,55846,650,Gironde estuary near Bordeaux,FRA,[note 81],[162]
-,-,-,Garonne,Garonne,Garonne,Garonne,Garonne,575,55846,650,Gironde estuary near Bordeaux,FRA ESP,[note 82],[162]
-,-,-,,Lot,Lot,Lot,Lot,485,11538,155,Garonne near Aiguillon,FRA,,[163]
-,-,-,,Tarn,Tarn,Tarn,Tarn,380,15586,233,Garonne near Castelsarrasin,FRA,,[164]
-,-,-,,,Aveyron,Aveyron,Aveyron,291,5176,57,Tarn near Montauban,FRA,,[165]
-,-,-,,Ariège,Ariège,Ariège,Ariège,163,4135,76,Garonne in Toulouse,FRA,,[166]
89,67,45,Adour,Adour,Adour,Adour,Adour,308,16912,360,Bay of Biscay in Bayonne,FRA,,[167][25]
-,-,-,,Gaves réunis ← Gave de Pau,Gaves réunis ← Gave de Pau,Gaves réunis ← Gave de Pau,Gaves réunis ← Gave de Pau,193,5464,82,Adour near Peyrehorade,FRA,,[168]
71,70,48,Minho ← Sil,Minho ← Sil,Minho ← Sil,Minho ← Sil,Minho ← Sil,361,16651,340,Atlantic Ocean near Caminha,POR ESP,[note 83],[2]
-,-,-,Minho,Minho,Minho,Minho,Minho,309,16651,340,Atlantic Ocean near Caminha,POR ESP,,[2]
-,-,-,,Sil,Sil,Sil,Sil,226,7969,100,Minho near Ourense,ESP,,
25,16,17,Douro,Douro,Douro,Douro,Douro,897,97290,650,Atlantic Ocean in Porto,POR ESP,,[2][25]
-,-,-,,Tormes,Tormes,Tormes,Tormes,247,7054,42,Douro near Bemposta [de; pt] / Villarino,ESP,,
-,-,-,,Esla,Esla,Esla,Esla,275,16018,182,Douro near Muelas del Pan,ESP,,
-,-,-,,Pisuerga,Pisuerga,Pisuerga,Pisuerga,276,15665,82,Douro near Valladolid,ESP,,
-,-,-,Mondego,Mondego,Mondego,Mondego,Mondego,234,6656,108,Atlantic Ocean in Figueira da Foz,POR,,
16,24,26,Tagus,Tagus,Tagus,Tagus,Tagus,1007,70756,500,Atlantic Ocean near Lisbon,POR ESP,[note 84],[169][2][25]
-,-,-,,Jarama,Jarama,Jarama,Jarama,194,11532,32,Tagus in Aranjuez,ESP,,
-,-,-,Sado,Sado,Sado,Sado,Sado,180,6186,40,Atlantic Ocean in Setúbal,POR,,
21,25,-,Guadiana (← Cigüela) ← Záncara,Guadiana (← Cigüela) ← Záncara,Guadiana (← Cigüela) ← Záncara,Guadiana (← Cigüela) ← Záncara,Guadiana (← Cigüela) ← Záncara,922,67027,79,Gulf of Cadiz near Ayamonte,POR ESP,[note 85],[170][2]
-,-,-,Guadiana ← Guadiana Alto [es].,Guadiana ← Guadiana Alto [es].,Guadiana ← Guadiana Alto [es].,Guadiana ← Guadiana Alto [es].,Guadiana ← Guadiana Alto [es].,852,67027,79,Gulf of Cadiz near Ayamonte,POR ESP,[note 86],[170][2]
31,27,83,Guadalquivir ← Guadiana Menor ← Guardal [es; fr],Guadalquivir ← Guadiana Menor ← Guardal [es; fr],Guadalquivir ← Guadiana Menor ← Guardal [es; fr],Guadalquivir ← Guadiana Menor ← Guardal [es; fr],Guadalquivir ← Guadiana Menor ← Guardal [es; fr],722,57053,164,Gulf of Cadiz in Sanlúcar de Barrameda,ESP,[note 87],[171]
-,-,-,,Genil,Genil,Genil,Genil,358,8257,9.3,Guadalquivir in Palma del Río,ESP,,
82,71,-,Segura,Segura,Segura,Segura,Segura,325,16599,26,Mediterranean Sea in Guardamar del Segura,ESP,,
45,57,-,Júcar,Júcar,Júcar,Júcar,Júcar,498,21430,49,Balearic Sea in Cullera,ESP,,
98,-,-,Turia,Turia,Turia,Turia,Turia,280,6674,14,Balearic Sea in Valencia,ESP,,
23,19,21,Ebro,Ebro,Ebro,Ebro,Ebro,910,84763,577,Balearic Sea near Tortosa,ESP,,[25]
-,-,-,,Segre,Segre,Segre,Segre,265,22719,100,Ebro in Mequinenza,ESP,,
-,-,-,,,Cinca,Cinca,Cinca,170,9720,82,Segre near Mequinenza,ESP,,
-,-,-,,Jalón ← Jiloca,Jalón ← Jiloca,Jalón ← Jiloca,Jalón ← Jiloca,224,9658,21,Ebro near Torres de Berrellén,ESP,,
-,-,-,,Aragón,Aragón,Aragón,Aragón,195,8529,41,Ebro near Tudela,ESP,,
-,-,-,Llobregat,Llobregat,Llobregat,Llobregat,Llobregat,170,4948,21,Balearic Sea near Barcelona,ESP,,
-,-,-,Aude,Aude,Aude,Aude,Aude,224,5327,44,Gulf of Lion near Narbonne,FRA,,[172]
19,15,7,Rhône ← Saône ← Doubs,Rhône ← Saône ← Doubs,Rhône ← Saône ← Doubs,Rhône ← Saône ← Doubs,Rhône ← Saône ← Doubs,957,98131,1900,Gulf of Lion in Port-Saint-Louis-du-Rhône,FRA SWI,[note 88],[173][25]
-,-,-,Rhône,Rhône,Rhône,Rhône,Rhône,812,98131,1900,Gulf of Lion in Port-Saint-Louis-du-Rhône,FRA SWI,,[174][25]
-,-,-,,Durance,Durance,Durance,Durance,323,14342,180,Rhône in Avignon,FRA,,[175]
-,-,-,,Isère,Isère,Isère,Isère,286,11890,333,Rhône near Valence,FRA,,[176]
-,-,-,,Saône,Saône,Saône,Saône,480,29321,473,Rhône in Lyon,FRA,,[177]
-,-,-,,,Doubs,Doubs,Doubs,453,7874,176,Saône in Verdun-sur-le-Doubs,FRA SWI,,[178]
-,-,-,,Ain,Ain,Ain,Ain,190,3765,123,Rhône near Pont-de-Chéruy,FRA,,[179]
-,-,-,Arno,Arno,Arno,Arno,Arno,241,8852,110,Ligurian Sea near Pisa,ITA,[note 89],
62,69,62,Tiber,Tiber,Tiber,Tiber,Tiber,405,16668,239,Tyrrhenian Sea in Ostia,ITA,,
-,-,-,,Nera,Nera,Nera,Nera,116,4163,168,Tiber near Orte,ITA,,
-,-,-,Garigliano ← Liri,Garigliano ← Liri,Garigliano ← Liri,Garigliano ← Liri,Garigliano ← Liri,158,4059,120,Tyrrhenian Sea near Minturno,ITA,,
-,-,-,Volturno,Volturno,Volturno,Volturno,Volturno,175,5784,82,Tyrrhenian Sea in Castel Volturno,ITA,,
-,-,-,Reno,Reno,Reno,Reno,Reno,212,5615,95,Adriatic Sea near Comacchio,ITA,,
32,22,9,Po ← Tanaro,Po ← Tanaro,Po ← Tanaro,Po ← Tanaro,Po ← Tanaro,702,73746,1460,Adriatic Sea near Porto Tolle,ITA,[note 90],[25]
-,-,-,Po,Po,Po,Po,Po,652,73746,1460,Adriatic Sea near Porto Tolle,ITA,,[180][25]
-,-,-,,Mincio ← Lake Garda ← Sarca,Mincio ← Lake Garda ← Sarca,Mincio ← Lake Garda ← Sarca,Mincio ← Lake Garda ← Sarca,203,2977,60,Po near Mantua,ITA,,
-,-,-,,Oglio ← Lake Iseo ← Oglio,Oglio ← Lake Iseo ← Oglio,Oglio ← Lake Iseo ← Oglio,Oglio ← Lake Iseo ← Oglio,280,6598,130,Po near Mantua,ITA,,
-,-,-,,Adda ← Lake Como ← Adda,Adda ← Lake Como ← Adda,Adda ← Lake Como ← Adda,Adda ← Lake Como ← Adda,313,7842,187,Po in Cremona,ITA,,
-,-,-,,Ticino ← Lake Maggiore ← Ticino,Ticino ← Lake Maggiore ← Ticino,Ticino ← Lake Maggiore ← Ticino,Ticino ← Lake Maggiore ← Ticino,248,8061,348,Po in Pavia,ITA SWI,,
-,-,-,,Tanaro ← Negrone,Tanaro ← Negrone,Tanaro ← Negrone,Tanaro ← Negrone,285,8182,116,Po near Alessandria,ITA,[note 91],
-,-,-,,Dora Baltea,Dora Baltea,Dora Baltea,Dora Baltea,168,3921,96,Po in Crescentino,ITA,,
-,-,68,Tartaro-Canalbianco-Po di Levante,Tartaro-Canalbianco-Po di Levante,Tartaro-Canalbianco-Po di Levante,Tartaro-Canalbianco-Po di Levante,Tartaro-Canalbianco-Po di Levante,147,2885,218,Adriatic Sea near Porto Viro,ITA,,
55,76,64,Adige ← Eisack ← Rienz ← Ahr,Adige ← Eisack ← Rienz ← Ahr,Adige ← Eisack ← Rienz ← Ahr,Adige ← Eisack ← Rienz ← Ahr,Adige ← Eisack ← Rienz ← Ahr,436,14543,235,Adriatic Sea near Chioggia,ITA,[note 92],[181]
-,-,-,Adige ← Etsch ← Karlinbach,Adige ← Etsch ← Karlinbach,Adige ← Etsch ← Karlinbach,Adige ← Etsch ← Karlinbach,Adige ← Etsch ← Karlinbach,421,14543,235,Adriatic Sea near Chioggia,ITA,[note 93],[181]
-,-,-,Brenta,Brenta,Brenta,Brenta,Brenta,174,4811,93,Adriatic Sea near Chioggia,ITA,,
-,-,-,Piave,Piave,Piave,Piave,Piave,231,4420,137,Adriatic Sea near Venice,ITA,,
-,-,-,Tagliamento,Tagliamento,Tagliamento,Tagliamento,Tagliamento,170,2939,92,Adriatic Sea near Lignano,ITA,,
-,-,77,Isonzo/Soča,Isonzo/Soča,Isonzo/Soča,Isonzo/Soča,Isonzo/Soča,138,3327,173,Adriatic Sea near Monfalcone,ITA SVN,,[2]
-,97,43,Neretva,Neretva,Neretva,Neretva,Neretva,240,10380,378,Adriatic Sea near Ploče,CRO BIH,,[2][25]
-,-,-,,Trebišnjica,Trebišnjica,Trebišnjica,Trebišnjica,187,4926,114,Neretva in Neum,BIH,[note 94],
66,61,16,Bojana/Buna ← Drin,Bojana/Buna ← Drin,Bojana/Buna ← Drin,Bojana/Buna ← Drin,Bojana/Buna ← Drin,384,18620,672,Adriatic Sea near Ulcinj,ALB MNE KOS  MKD,[note 95],[182]
-,-,-,,Drin ← Black Drin ← Sateska,Drin ← Black Drin ← Sateska,Drin ← Black Drin ← Sateska,Drin ← Black Drin ← Sateska,343,14351,352,Buna near Lezhë,ALB MKD,[note 96],[2]
-,-,-,,,White Drin,White Drin,White Drin,136,5005,66,Drin in Kukës,ALB KOS,,[2]
-,-,-,,Morača,Morača,Morača,Morača,100,2820,156,Lake Skadar (Bojana) near Žabljak Crnojevića,MNE,,[183]
-,-,-,Shkumbin,Shkumbin,Shkumbin,Shkumbin,Shkumbin,181,2922,62,Adriatic Sea near Lushnjë,ALB,,[182]
97,-,-,Seman ← Devoll,Seman ← Devoll,Seman ← Devoll,Seman ← Devoll,Seman ← Devoll,281,6124,96,Adriatic Sea near Fier,ALB,,[182]
100,-,72,Aoös/Vjosë,Aoös/Vjosë,Aoös/Vjosë,Aoös/Vjosë,Aoös/Vjosë,272,6777,204,Adriatic Sea near Vlorë,ALB GRE,,[2]
-,-,-,Achelous,Achelous,Achelous,Achelous,Achelous,220,5662,137,Ionian Sea near Astakos,GRE,,
-,-,-,Pineios (Thessaly),Pineios (Thessaly),Pineios (Thessaly),Pineios (Thessaly),Pineios (Thessaly),216,9301,81,Aegean Sea near Larissa,GRE,,
93,-,-,Haliacmon,Haliacmon,Haliacmon,Haliacmon,Haliacmon,297,8664,80,Aegean Sea near Thessaloniki,GRE,,
65,51,79,Vardar/Axios ← Treska,Vardar/Axios ← Treska,Vardar/Axios ← Treska,Vardar/Axios ← Treska,Vardar/Axios ← Treska,393,24503,170,Aegean Sea near Thessaloniki,GRE MKD,[note 97],[2]
-,-,-,Vardar/Axios,Vardar/Axios,Vardar/Axios,Vardar/Axios,Vardar/Axios,388,24503,170,Aegean Sea near Thessaloniki,GRE MKD,,[2]
61,68,-,Struma/Strymon,Struma/Strymon,Struma/Strymon,Struma/Strymon,Struma/Strymon,415,16801,76,Thracian Sea in Amphipolis,GRE BUL,,[2]
-,-,-,Nestos/Mesta,Nestos/Mesta,Nestos/Mesta,Nestos/Mesta,Nestos/Mesta,243,5864,45,Thracian Sea near Thasos,GRE BUL,,[2]
44,31,40,Maritsa/Meriç/Evros,Maritsa/Meriç/Evros,Maritsa/Meriç/Evros,Maritsa/Meriç/Evros,Maritsa/Meriç/Evros,515,53475,383,Thracian Sea near Alexandroupoli,GRE TUR BUL,,[2]
-,-,-,,Ergene,Ergene,Ergene,Ergene,281,11016,28,Maritsa near İpsala,TUR,[note 98],[2][184][185]
-,-,-,,Tundzha,Tundzha,Tundzha,Tundzha,380,8583,32,Maritsa in Edirne,TUR BUL,,
-,-,-,,Arda,Arda,Arda,Arda,290,5623,77,Maritsa near Edirne,GRE BUL,,
-,-,-,Veleka,Veleka,Veleka,Veleka,Veleka,147,995,9.4,Black Sea near Sinemorets,BUL TUR,,
104,-,-,Kamchiya ← Luda Kamchiya,Kamchiya ← Luda Kamchiya,Kamchiya ← Luda Kamchiya,Kamchiya ← Luda Kamchiya,Kamchiya ← Luda Kamchiya,254,5373,26,Black Sea near Varna,BUL,,[186]
2,2,2,Danube,Danube,Danube,Danube,Danube,2857,801463,6450,Black Sea near Sulina,ROM UKR MDA  BUL SRB CRO HUN SVK AUT  GER,[note 99],[2][25]
-,-,-,,Prut,Prut,Prut,Prut,953,27820,105,Danube at Giurgiulești,MDA ROM UKR,[note 100],[187][2]
-,-,-,,,Jijia,Jijia,Jijia,275,5757,14,Prut near Huși,ROM UKR,,
-,-,-,,Siret,Siret,Siret,Siret,559,45857,240,Danube in Galați,ROM UKR,[note 101],[2]
-,-,-,,,Buzău,Buzău,Buzău,325,5537,29,Siret near Galați,ROM,,
-,-,-,,,Bistrița,Bistrița,Bistrița,283,7018,66,Siret near Bacău,ROM,,
-,-,-,,Ialomița,Ialomița,Ialomița,Ialomița,417,11116,40,Danube near Hârșova,ROM,,
-,-,-,,Argeș,Argeș,Argeș,Argeș,350,12652,73,Danube in Oltenița,ROM,,
-,-,-,,,Dâmbovița,Dâmbovița,Dâmbovița,245,2837,26,Argeș near Budești,ROM,[note 102],[188]
-,-,-,,Yantra,Yantra,Yantra,Yantra,285,7897,47,Danube near Svishtov,BUL,,
-,-,-,,Osam,Osam,Osam,Osam,314,2866,16,Danube near Nikopol,BUL,,
-,-,-,,Olt,Olt,Olt,Olt,615,24130,174,Danube near Turnu Măgurele,ROM,,
-,-,-,,Iskar,Iskar,Iskar,Iskar,368,8511,54,Danube near Gigen,BUL,,
-,-,-,,Jiu,Jiu,Jiu,Jiu,339,10157,86,Danube near Bechet,ROM,,
-,-,-,,Great Morava ← West Morava ← Ibar,Great Morava ← West Morava ← Ibar,Great Morava ← West Morava ← Ibar,Great Morava ← West Morava ← Ibar,550,37709,232,Danube near Smederevo,SRB,[note 103],[2]
-,-,-,,,South Morava,South Morava,South Morava,295,15550,100,Great Morava near Kruševac,SRB KOS,,
-,-,-,,,West Morava,West Morava,West Morava,308,15710,120,Great Morava near Kruševac,SRB,,
-,-,-,,,,Ibar,Ibar,276,7914,60,West Morava in Kraljevo,SRB KOS MNE,,
-,-,-,,Timiš/Tamis,Timiš/Tamis,Timiš/Tamis,Timiš/Tamis,359,10495,47,Danube in Pančevo,SRB ROM,,
-,-,-,,Sava ← Sava Dolinka,Sava ← Sava Dolinka,Sava ← Sava Dolinka,Sava ← Sava Dolinka,945,94613,1609,Danube in Belgrade,SRB BIH CRO  SVN,[note 104],[2][189][190]
-,-,-,,,Drina ← Tara,Drina ← Tara,Drina ← Tara,486,19650,370,Sava near Bijeljina,BIH SRB MNE,[note 105],[191][190]
-,-,-,,,,Lim,Lim,220,6797,96,Drina near Višegrad,BIH SRB MNE,,[192]
-,-,-,,,Bosna,Bosna,Bosna,271,10490,174,Sava in Bosanski Šamac,BIH,,[2][191]
-,-,-,,,Vrbas,Vrbas,Vrbas,235,6501,132,Sava in Srbac,BIH,,[191]
-,-,-,,,Una,Una,Una,214,9657,220,Sava in Jasenovac,BIH CRO,[note 106],[2][190]
-,-,-,,,Kupa/Kolpa,Kupa/Kolpa,Kupa/Kolpa,297,10194,201,Sava in Sisak,CRO SVN,,[2]
-,-,-,,Tisza ← Someș,Tisza ← Someș,Tisza ← Someș,Tisza ← Someș,1111,154073,863,Danube near Titel,SRB HUN ROM,[note 107],[2]
-,-,-,,Tisza,Tisza,Tisza,Tisza,966,154073,863,Danube near Titel,SRB HUN ROM  UKR,[note 108],[2]
-,-,-,,,Bega,Bega,Bega,256,6250,13,Tisza near Titel,SRB ROM,,
-,-,-,,,Mureș/Maros,Mureș/Maros,Mureș/Maros,789,30190,190,Tisza in Szeged,HUN ROM,[note 109],[2]
-,-,-,,,,Târnava ← Târnava Mare,Târnava ← Târnava Mare,249,6236,15,Mureș near Teiuș,ROM,,
-,-,-,,,Körös ← Crișul Alb,Körös ← Crișul Alb,Körös ← Crișul Alb,365,27123,100,Tisza near Csongrád,HUN ROM,,
-,-,-,,,Sajó / Slaná ← Hornád,Sajó / Slaná ← Hornád,Sajó / Slaná ← Hornád,314,12870,70,Tisza in Tiszaújváros,HUN SVK,[note 110],
-,-,-,,,,Hernád / Hornád,Hernád / Hornád,286,5414,31,Sajó near Miskolc,HUN SVK,,
-,-,-,,,Bodrog ← Latorica,Bodrog ← Latorica,Bodrog ← Latorica,255,13579,115,Tisza in Tokaj,HUN SVK UKR,[note 111],[2]
-,-,-,,,Szamos / Someș,Szamos / Someș,Szamos / Someș,415,16046,132,Tisza near Vásárosnamény,HUN ROM,,[2]
-,-,-,,Drava/Drau ← Isel ← Schwarzach [de; it],Drava/Drau ← Isel ← Schwarzach [de; it],Drava/Drau ← Isel ← Schwarzach [de; it],Drava/Drau ← Isel ← Schwarzach [de; it],728,40154,577,Danube near Osijek,CRO HUN SVN  AUT,[note 112],[193]
-,-,-,,,Mur,Mur,Mur,453,14108,166,Drava near Legrad,CRO HUN SVN  AUT,,[193][194][190]
-,-,-,,Sió ← Lake Balaton ← Zala system,Sió ← Lake Balaton ← Zala system,Sió ← Lake Balaton ← Zala system,Sió ← Lake Balaton ← Zala system,330,14890,39,Danube near Szekszárd,HUN,[note 113],
-,-,-,,Hron,Hron,Hron,Hron,298,5441,54,Danube near Esztergom,SVK,,
-,-,-,,Váh,Váh,Váh,Váh,398,19484,194,Danube in Komárno,SVK,,[2]
-,-,-,,Rába/Raab,Rába/Raab,Rába/Raab,Rába/Raab,311,10401,80,Danube near Győr,HUN AUT,,[194][2]
-,-,-,,Leitha ← Schwarza,Leitha ← Schwarza,Leitha ← Schwarza,Leitha ← Schwarza,258,2138,8.2,Danube near Mosonmagyaróvár,HUN AUT,[note 114],[194]
-,-,-,,Morava ← Thaya ← Austrian Thaya,Morava ← Thaya ← Austrian Thaya,Morava ← Thaya ← Austrian Thaya,Morava ← Thaya ← Austrian Thaya,402,26734,110,Danube in Bratislava-Devin,AUT SVK CZE,[note 115],[194][2]
-,-,-,,Morava,Morava,Morava,Morava,352,26734,110,Danube in Bratislava-Devin,AUT SVK CZE,,[194][2]
-,-,-,,,Thaya ← Austrian Thaya,Thaya ← Austrian Thaya,Thaya ← Austrian Thaya,311,13419,44,Morava near Hohenau,AUT CZE,[note 116],[194]
-,-,-,,Enns,Enns,Enns,Enns,254,6084,200,Danube in Enns,AUT,,[194]
-,-,-,,Traun,Traun,Traun,Traun,153,4277,150,Danube in Linz,AUT,,[194]
-,-,-,,Inn ← Aua da Fedoz,Inn ← Aua da Fedoz,Inn ← Aua da Fedoz,Inn ← Aua da Fedoz,522,26053,735,Danube in Passau,GER AUT SWI,,[195][2]
-,-,-,,,Salzach ← Krimmler Ache,Salzach ← Krimmler Ache,Salzach ← Krimmler Ache,232,6829,252,Inn in Haiming,GER AUT,,[36]
-,-,-,,Isar ← Leutascher Ache,Isar ← Leutascher Ache,Isar ← Leutascher Ache,Isar ← Leutascher Ache,295,8962,175,Danube near Deggendorf,GER AUT,[note 117],[36]
-,-,-,,Lech,Lech,Lech,Lech,264,4125,115,Danube near Donauwörth,GER AUT,,[36][2]
-,-,-,,Iller ← Breitach ← Turabach,Iller ← Breitach ← Turabach,Iller ← Breitach ← Turabach,Iller ← Breitach ← Turabach,170,2147,70,Danube in Ulm,GER AUT,[note 118],[36]
-,-,-,Cogâlnic,Cogâlnic,Cogâlnic,Cogâlnic,Cogâlnic,243,5388,6.5,Black Sea near Tatarbunary,UKR MDA,,[2]
9,23,50,Dniester/Nistru,Dniester/Nistru,Dniester/Nistru,Dniester/Nistru,Dniester/Nistru,1362,73158,313,Black Sea near Bilhorod-Dnistrovskyi,UKR MDA,,[196][2]
-,-,-,,Răut,Răut,Răut,Răut,286,7761,5.7,Dniester near Dubăsari,MDA,,
-,-,-,,Zbruch,Zbruch,Zbruch,Zbruch,247,3365,7,Dniester near Khotyn,UKR,,
27,26,85,Southern Bug,Southern Bug,Southern Bug,Southern Bug,Southern Bug,806,63569,160,Dnieper-Bug Estuary near Mykolaiv,UKR,[note 119],[197]
-,-,-,,Inhul,Inhul,Inhul,Inhul,354,9773,8.8,Southern Bug in Mykolayiv,UKR,,[198]
-,-,-,,Syniukha ← Hnylyi Tikych ← Hirskyi Tikych,Syniukha ← Hnylyi Tikych ← Hirskyi Tikych,Syniukha ← Hnylyi Tikych ← Hirskyi Tikych,Syniukha ← Hnylyi Tikych ← Hirskyi Tikych,283,16640,29,Southern Bug in Pervomaisk,UKR,,[199][200]
4,3,8,Dnieper,Dnieper,Dnieper,Dnieper,Dnieper,2201,509824,1700,Dnieper-Bug Estuary near Kherson,UKR BLR RUS,,[2][25]
-,-,-,,Inhulets,Inhulets,Inhulets,Inhulets,549,14487,0.3?,Dnieper near Kropyvnytskyi,UKR,,[201]
-,-,-,,Samara ← Vovcha,Samara ← Vovcha,Samara ← Vovcha,Samara ← Vovcha,421,22734,20,Dnieper near Dnipro,UKR,[note 120],
-,-,-,,Samara,Samara,Samara,Samara,320,22734,20,Dnieper near Dnipro,UKR,,[202]
-,-,-,,-,Vovcha,Vovcha,Vovcha,323,13035,5.3,Samara near Pavlohrad,UKR,,[203]
-,-,-,,Oril,Oril,Oril,Oril,346,10093,13,Dnieper near Dnipro,UKR,,
-,-,-,,Vorskla,Vorskla,Vorskla,Vorskla,452,14511,36,Dnieper near Verkhn'odniprovs'k,UKR RUS,,[204]
-,-,-,,Psel,Psel,Psel,Psel,717,22782,55,Dnieper in Kremenchuk,UKR RUS,,[205]
-,-,-,,,Khorol,Khorol,Khorol,308,4039,3.6,Psel,UKR,,[206]
-,-,-,,Sula ← Uday,Sula ← Uday,Sula ← Uday,Sula ← Uday,447,19218,29,Dnieper near Kremenchuk,UKR,[note 121],[207][208]
-,-,-,,Sula,Sula,Sula,Sula,363,19218,29,Dnieper near Kremenchuk,UKR,,[207]
-,-,-,,,Uday,Uday,Uday,327,6995,9.4,Sula near Lubny,UKR,,[208]
-,-,-,,Ros,Ros,Ros,Ros,346,12581,27,Dnieper near Kaniv,UKR,,[209]
-,-,-,,Desna,Desna,Desna,Desna,1130,88490,360,Dnieper in Kyiv,UKR RUS,,[210]
-,-,-,,,Snov,Snov,Snov,253,8265,24,Desna,UKR RUS,,[211]
-,-,-,,,Seym,Seym,Seym,748,27895,100,Desna in Sosnytsia,UKR RUS,,[212]
-,-,-,,Teteriv,Teteriv,Teteriv,Teteriv,385,15213,18,Dnieper near Chernobyl,UKR,,[213]
-,-,-,,Pripyat ← Horyn,Pripyat ← Horyn,Pripyat ← Horyn,Pripyat ← Horyn,1052,119911,460,Dnieper near Chernobyl,UKR BLR,[note 122],[2]
-,-,-,,Pripyat,Pripyat,Pripyat,Pripyat,761,119911,460,Dnieper near Chernobyl,UKR BLR,,[214][2]
-,-,-,,,Uzh,Uzh,Uzh,256,8129,25,Pripyat near Chernobyl,UKR,,[215]
-,-,-,,,Ptsich,Ptsich,Ptsich,421,9516,48,Pripyat near Mazyr,BLR,,[216]
-,-,-,,,Ubort,Ubort,Ubort,292,5504,23,Pripyat near Pyetrykaw,BLR UKR,,[217]
-,-,-,,,Horyn,Horyn,Horyn,659,27065,90,Pripyat near Davyd-Haradok,BLR UKR,,[218]
-,-,-,,,,Southern Sluch,Southern Sluch,451,13675,45,Horyn near Zviahel,UKR,,[219]
-,-,-,,,Styr,Styr,Styr,494,12999,45,Pripyat near Pinsk,BLR UKR,,[220]
-,-,-,,Sozh,Sozh,Sozh,Sozh,648,42199,207,Dnieper in Loyew,BLR UKR RUS,,[221]
-,-,-,,,Iput,Iput,Iput,437,10789,83,Sozh near Gomel,BLR RUS,,[222]
-,-,-,,,Besed,Besed,Besed,261,5537,28,Sozh,BLR RUS,,[223]
-,-,-,,,Ostyor,Ostyor,Ostyor,274,3382,21,Sozh near Krychaw,BLR RUS,,[224]
-,-,-,,Berezina,Berezina,Berezina,Berezina,613,24895,145,Dnieper near Rechytsa,BLR,,[225]
-,-,-,,,Svislach,Svislach,Svislach,327,5190,30,Berezina near Asipovichy,BLR,,
-,-,-,,Drut,Drut,Drut,Drut,295,4952,30,Dnieper in Rahachow,BLR,,[226]
101,-,-,Mius,Mius,Mius,Mius,Mius,258,7059,12,Sea of Azov near Taganrog,RUS UKR,,[2]
5,4,11,Don ← Voronezh ← Polnoy Voronezh,Don ← Voronezh ← Polnoy Voronezh,Don ← Voronezh ← Polnoy Voronezh,Don ← Voronezh ← Polnoy Voronezh,Don ← Voronezh ← Polnoy Voronezh,1923,437308,890,Sea of Azov near Azov,RUS,[note 123],[227][25]
-,-,-,Don,Don,Don,Don,Don,1870,437308,890,Sea of Azov near Azov,RUS,,[227][25]
-,-,-,,Manych ← Kalaus ← Bolshoy Yankul,Manych ← Kalaus ← Bolshoy Yankul,Manych ← Kalaus ← Bolshoy Yankul,Manych ← Kalaus ← Bolshoy Yankul,863,49977,16,Don near Rostov-on-Don,RUS,[note 124],[228]
-,-,-,,,Yegorlyk,Yegorlyk,Yegorlyk,448,14972,38,Manych near Salsk,RUS,,[229]
-,-,-,,Sal,Sal,Sal,Sal,798,20932,15,Don in Semikarakorsk,RUS,,[230]
-,-,-,,Donets,Donets,Donets,Donets,1053,98720,159,Don in Semikarakorsk,UKR RUS,,[231][2]
-,-,-,,,Kalitva [de; ru],Kalitva [de; ru],Kalitva [de; ru],308,10543,?,Donets in Belaya Kalitva,RUS,,[232]
-,-,-,,,Aidar,Aidar,Aidar,264,7390,15,Donets near Shchastia,UKR RUS,,[233]
-,-,-,,,Oskil/Oskol,Oskil/Oskol,Oskil/Oskol,472,14818,44,Donets near Izium,UKR RUS,,[234][2]
-,-,-,,Chir,Chir,Chir,Chir,317,10580,13,Don,RUS,,[235]
-,-,-,,Ilovlya,Ilovlya,Ilovlya,Ilovlya,358,9377,9.8,Don,RUS,,[236]
-,-,-,,Medveditsa ← Malaya Medveditsa,Medveditsa ← Malaya Medveditsa,Medveditsa ← Malaya Medveditsa,Medveditsa ← Malaya Medveditsa,748,34914,69,Don near Serafimovitch,RUS,,[237]
-,-,-,,,Tersa [de; ru] ← Yelan [ru],Tersa [de; ru] ← Yelan [ru],Tersa [de; ru] ← Yelan [ru],326,8807,5.6,Medveditsa,RUS,[note 125],[238]
-,-,-,,Khopyor ← Serdoba [ru],Khopyor ← Serdoba [ru],Khopyor ← Serdoba [ru],Khopyor ← Serdoba [ru],1011,61052,150,Don near Bukanovskaya,RUS,[note 126],[239]
-,-,-,,,Buzuluk,Buzuluk,Buzuluk,314,9465,13,Khopyor,RUS,,[240]
-,-,-,,,Savala,Savala,Savala,285,7585,20,Khopyor near Novokhopyorsk,RUS,,[241]
-,-,-,,,Vorona ← Chembar,Vorona ← Chembar,Vorona ← Chembar,511,13229,42,Khopyor near Borisoglebsk,RUS,[note 127],[242]
-,-,-,,Bityug,Bityug,Bityug,Bityug,379,8818,18,Don near Pavlovsk,RUS,,[243]
-,-,-,,Voronezh ← Polnoy Voronezh,Voronezh ← Polnoy Voronezh,Voronezh ← Polnoy Voronezh,Voronezh ← Polnoy Voronezh,520,21286,71,Don near Voronezh,RUS,[note 128],[244]
-,-,-,,Bystraya Sosna,Bystraya Sosna,Bystraya Sosna,Bystraya Sosna,296,13012,74,Don near Yelets,RUS,,[245]
85,-,-,Yeya,Yeya,Yeya,Yeya,Yeya,313,9191,2.5,Sea of Azov near Yeysk,RUS,,
95,-,-,Chelbas [es; ru],Chelbas [es; ru],Chelbas [es; ru],Chelbas [es; ru],Chelbas [es; ru],288,4911,2.4,Sea of Azov near Primorsko-Akhtarsk,RUS,,
24,32,34,Kuban,Kuban,Kuban,Kuban,Kuban,906,52399,430,Sea of Azov near Temryuk,RUS,[note 129],[246][25]
-,-,-,,Pshish ← Bolshoy Pshish,Pshish ← Bolshoy Pshish,Pshish ← Bolshoy Pshish,Pshish ← Bolshoy Pshish,270,1927,25,Kuban near Ryazanskaya,RUS,[note 130],[247]
-,-,-,,Belaya,Belaya,Belaya,Belaya,265,6054,?,Kuban,RUS,,[248]
-,-,-,,Laba ← Bolshaya Laba,Laba ← Bolshaya Laba,Laba ← Bolshaya Laba,Laba ← Bolshaya Laba,347,12664,96,Kuban in Ust-Labinsk,RUS,,
-,-,-,Kodori,Kodori,Kodori,Kodori,Kodori,105,2087,144,Black Sea near Adzyubzha,GEO,,
-,-,79,Enguri,Enguri,Enguri,Enguri,Enguri,213,4052,170,Black Sea in Anaklia,GEO,[note 131],[246]
81,81,36,Rioni,Rioni,Rioni,Rioni,Rioni,327,13511,424,Black Sea near Poti,GEO,[note 132],[246][25]
54,55,56,Chorokhi/Çoruh,Chorokhi/Çoruh,Chorokhi/Çoruh,Chorokhi/Çoruh,Chorokhi/Çoruh,438,22011,278,Black Sea near Batumi,GEO TUR,,[246][2]
8,10,30,Kur/Kura/Mtkvari,Kur/Kura/Mtkvari,Kur/Kura/Mtkvari,Kur/Kura/Mtkvari,Kur/Kura/Mtkvari,1364,188378,448,Caspian Sea near Neftçala,AZE GEO TUR,[note 133],[249][2]
-,-,-,,Aras/Araks,Aras/Araks,Aras/Araks,Aras/Araks,1072,102000,141,Kura near Sabirabad,AZE IRN ARM  TUR,[note 134],[249][2]
-,-,-,,Alazani,Alazani,Alazani,Alazani,391,11717,110,Mingachevir reservoir,AZE GEO,,[250][251][2]
-,-,-,,,Iori,Iori,Iori,320,4897,15,Mingachevir reservoir near Burunqovaq,AZE GEO,[note 135],[251][2]
-,-,-,Samur,Samur,Samur,Samur,Samur,213,6777,75,Caspian Sea near Derbent,AZE RUS,,
71,80,75,Sulak ← Andi Koysu ← Tushetis Alazani,Sulak ← Andi Koysu ← Tushetis Alazani,Sulak ← Andi Koysu ← Tushetis Alazani,Sulak ← Andi Koysu ← Tushetis Alazani,Sulak ← Andi Koysu ← Tushetis Alazani,361,14085,176,Caspian Sea near Makhachkala,RUS GEO,[note 136],[252][2]
37,36,51,Terek,Terek,Terek,Terek,Terek,623,42927,305,Caspian Sea near Kizlyar,RUS GEO,,[253][2]
-,-,-,,Sunzha,Sunzha,Sunzha,Sunzha,278,12153,85,Terek near Gudermes,RUS,,[254]
-,-,-,,Malka,Malka,Malka,Malka,210,10163,98,Terek near Prokhladny,RUS,,[255]
28,41,-,Kuma,Kuma,Kuma,Kuma,Kuma,802,33500,11,Caspian Sea near Lagan,RUS,,[256]
1,1,1,Volga ← Oka ← Upa ← Uperta,Volga ← Oka ← Upa ← Uperta,Volga ← Oka ← Upa ← Uperta,Volga ← Oka ← Upa ← Uperta,Volga ← Oka ← Upa ← Uperta,3790,1432506,8087,Caspian Sea near Astrakhan,RUS,[note 137],[257][258][25]
-,-,-,Volga ← Kuybyshev Reservoir ← Kama,Volga ← Kuybyshev Reservoir ← Kama,Volga ← Kuybyshev Reservoir ← Kama,Volga ← Kuybyshev Reservoir ← Kama,Volga ← Kuybyshev Reservoir ← Kama,3771,1432506,8087,Caspian Sea near Astrakhan,RUS,[note 138],[257][260]
-,-,-,Volga,Volga,Volga,Volga,Volga,3530,1432506,8087,Caspian Sea near Astrakhan,RUS,,[257]
-,-,-,,Akhtuba,Akhtuba,Akhtuba,Akhtuba,537,?,153,Volga Delta near Astrakhan,RUS,[note 139],[261]
-,-,-,,Yeruslan,Yeruslan,Yeruslan,Yeruslan,278,6196,?,Volgograd Reservoir near Kamyshin,RUS,[note 140],[262]
-,-,-,,Tereshka,Tereshka,Tereshka,Tereshka,273,9864,18,Volga near Saratov,RUS,,[263]
-,-,-,,Bolshoy Irgiz ← Bolshaya Glushitsa,Bolshoy Irgiz ← Bolshaya Glushitsa,Bolshoy Irgiz ← Bolshaya Glushitsa,Bolshoy Irgiz ← Bolshaya Glushitsa,679,24010,23,Volga near Volsk,RUS,[note 141],[264]
-,-,-,,Maly Irgiz ← Chernava,Maly Irgiz ← Chernava,Maly Irgiz ← Chernava,Maly Irgiz ← Chernava,262,3916,6.4,Volga,RUS,[note 142],[265]
-,-,-,,Chapayevka/Mocha,Chapayevka/Mocha,Chapayevka/Mocha,Chapayevka/Mocha,298,5126,2.5,Volga near Novokuybyshevsk,RUS,,[266]
-,-,-,,Samara,Samara,Samara,Samara,594,46454,46,Volga in Samara,RUS,,[267]
-,-,-,,,Bolshoy Kinel,Bolshoy Kinel,Bolshoy Kinel,436,14929,34,Samara in Kinel,RUS,[note 143],[268]
-,-,-,,,Tok [de] - Bitkul,Tok [de] - Bitkul,Tok [de] - Bitkul,312,5897,13,Samara near Buzuluk,RUS,[note 144],[269]
-,-,-,,Sok,Sok,Sok,Sok,363,11455,33,Volga near Samara,RUS,,[270]
-,-,-,,,Kondurcha,Kondurcha,Kondurcha,294,4327,9.4,Sok,RUS,,[271]
-,-,-,,Bolshoy Cheremshan,Bolshoy Cheremshan,Bolshoy Cheremshan,Bolshoy Cheremshan,336,11806,35,Kuybyshev Reservoir near Dimitrovgrad,RUS,[note 145],[272]
-,-,-,,Kama,Kama,Kama,Kama,1967,523324,3800,Kuybyshev Reservoir south of Kazan,RUS,[note 146],[260]
-,-,-,,,Sheshma ← Lesnaya Sheshma,Sheshma ← Lesnaya Sheshma,Sheshma ← Lesnaya Sheshma,268,6196,11,Kama near Starosheshminsk,RUS,[note 147],[273]
-,-,-,,,Vyatka ← Belaya,Vyatka ← Belaya,Vyatka ← Belaya,1318,128713,890,Kama near Nizhnekamsk,RUS,[note 148],[274]
-,-,-,,,,Kilmez ← Ut [ru],Kilmez ← Ut [ru],295,17160,85,Vyatka near Ust-Kilmez,RUS,[note 149],[275]
-,-,-,,,,Pizhma,Pizhma,305,14981,90,Vyatka near Sovetsk,RUS,,[276]
-,-,-,,,,Moloma ← Palomka,Moloma ← Palomka,435,12399,48,Vyatka near Kotelnich,RUS,[note 150],[277]
-,-,-,,,,Cheptsa ← Loza,Cheptsa ← Loza,526,20230,130,Vyatka in Kirovo-Chepetsk,RUS,[note 151],[278]
-,-,-,,,,Letka,Letka,260,3633,21,Vyatka,RUS,,[279]
-,-,-,,,,Kobra [de],Kobra [de],324,7824,55,Vyatka near Nagorsk,RUS,,[280]
-,-,-,,,Ik,Ik,Ik,571,17934,46,Kama near Menzelinsk,RUS,,[281]
-,-,-,,,Izh,Izh,Izh,259,8469,34,Kama,RUS,,[282]
-,-,-,,,Belaya,Belaya,Belaya,1430,141609,858,Kama near Neftekamsk,RUS,,[283]
-,-,-,,,,Bystry Tanyp,Bystry Tanyp,345,7700,45,Belaya,RUS,,[284]
-,-,-,,,,Dyoma ← Tyatep,Dyoma ← Tyatep,556,13022,35,Belaya in Ufa,RUS,[note 152],[285]
-,-,-,,,,Ufa ← Ay,Ufa ← Ay,931,52747,388,Belaya in Ufa,RUS,[note 153],[286]
-,-,-,,,,Ufa,Ufa,918,52747,388,Belaya in Ufa,RUS,,[287]
-,-,-,,,,,Yuryuzan,404,7850,55,Ufa near Karaidel,RUS,,[288]
-,-,-,,,,,Ay,549,14825,84,Ufa near Krasnoufimsk,RUS,,[289]
-,-,-,,,,Sim ← Inzer [de; ru],Sim ← Inzer [de; ru],313,11629,110,Belaya,RUS,[note 154],[290]
-,-,-,,,Chusovaya,Chusovaya,Chusovaya,592,46812,222,Kama Reservoir near Perm,RUS,[note 155],[291]
-,-,-,,,,Sylva,Sylva,493,22188,139,Chusovaya near Perm,RUS,,[292]
-,-,-,,,,Usva,Usva,266,6125,31,Chusovaya in Chusovoy,RUS,,[293]
-,-,-,,,Kosva ← Typyl,Kosva ← Typyl,Kosva ← Typyl,298,7322,90,Kama Reservoir near Perermskoye,RUS,[note 156],[294]
-,-,-,,,Inva,Inva,Inva,257,6304,29,Kama Reservoir near Maykor,RUS,[note 157],[295]
-,-,-,,,Yayva,Yayva,Yayva,304,6530,88,Kama Reservoir near Berezniki,RUS,[note 157],[296]
-,-,-,,,Vishera ← Kolva,Vishera ← Kolva,Vishera ← Kolva,494,31286,457,Kama near Solikamsk,RUS,[note 158],[297][298]
-,-,-,,,Vishera,Vishera,Vishera,415,31286,457,Kama near Solikamsk,RUS,,[297]
-,-,-,,,,Kolva,Kolva,460,13311,200,"Vishera at Cherdyn, Perm Krai",RUS,[note 159],[299]
-,-,-,,,,Yazva ← Glukhaya Vilva,Yazva ← Glukhaya Vilva,272,5855,70,Vishera near Cherdyn,RUS,[note 160],[300]
-,-,-,,,Kosa,Kosa,Kosa,267,9851,40,Kama near Ust-Kosa,RUS,,[301]
-,-,-,,,Veslyana,Veslyana,Veslyana,266,7253,68,Kama near Ust-Veslyana,RUS,,[302]
-,-,-,,Sviyaga ← Malaya Sviyaga,Sviyaga ← Malaya Sviyaga,Sviyaga ← Malaya Sviyaga,Sviyaga ← Malaya Sviyaga,379,16944,57,Kuybyshev Reservoir west of Kazan,RUS,[note 161],[303]
-,-,-,,Bolshaya Kokshaga,Bolshaya Kokshaga,Bolshaya Kokshaga,Bolshaya Kokshaga,297,6481,40,Volga near Kokshaysk,RUS,,[304]
-,-,-,,Vetluga ← Vokhma [de; ru],Vetluga ← Vokhma [de; ru],Vetluga ← Vokhma [de; ru],Vetluga ← Vokhma [de; ru],901,39438,255,Volga near Kozmodemyansk,RUS,[note 162],[305]
-,-,-,,,Usta,Usta,Usta,253,6019,28,Vetluga near Voskresenskoye,RUS,,[306]
-,-,-,,Sura ← Kadada [ru; de; it],Sura ← Kadada [ru; de; it],Sura ← Kadada [ru; de; it],Sura ← Kadada [ru; de; it],867,67240,260,Volga in Vasilsursk,RUS,[note 163],[307]
-,-,-,,,Pyana ← Cheka,Pyana ← Cheka,Pyana ← Cheka,453,7991,25,Sura near Sergach,RUS,[note 164],[308]
-,-,-,,,Alatyr,Alatyr,Alatyr,304,11171,43,Sura at Alatyr,RUS,[note 165],[309]
-,-,-,,Kerzhenets,Kerzhenets,Kerzhenets,Kerzhenets,290,6207,20,Volga near Lyskovo,RUS,,[310]
-,-,-,,Oka ← Upa ← Uperta,Oka ← Upa ← Uperta,Oka ← Upa ← Uperta,Oka ← Upa ← Uperta,1559,244308,1258,Volga in Nizhny Novgorod,RUS,[note 166],[258][311]
-,-,-,,Oka,Oka,Oka,Oka,1504,244308,1258,Volga in Nizhny Novgorod,RUS,,[258]
-,-,-,,,Klyazma,Klyazma,Klyazma,686,42421,147,Oka in Gorbatov,RUS,,[312]
-,-,-,,,,Nerl,Nerl,284,6766,26,Klyazma near Bogolyubovo,RUS,,[313]
-,-,-,,,Tyosha,Tyosha,Tyosha,311,7781,4,Oka near Murom,RUS,,[314]
-,-,-,,,Moksha ← Azyas,Moksha ← Azyas,Moksha ← Azyas,660,50379,95,Oka near Yelatma,RUS,[note 167],[315]
-,-,-,,,,Tsna ← Osinovka,Tsna ← Osinovka,457,21437,46,Moksha near Sasovo,RUS,[note 168],[316]
-,-,-,,,Pronya,Pronya,Pronya,336,10180,50,Oka near Spassk-Ryazansky,RUS,,[317]
-,-,-,,,Moskva ← Ruza,Moskva ← Ruza,Moskva ← Ruza,487,17618,150,Oka in Kolomna,RUS,[note 169],[318]
-,-,-,,,Protva,Protva,Protva,282,4602,25,Oka near Serpukhov,RUS,,[319]
-,-,-,,,Ugra ← Demina [ru],Ugra ← Demina [ru],Ugra ← Demina [ru],436,15699,90,Oka near Kaluga,RUS,[note 170],[320]
-,-,-,,,Upa ← Uperta [ru],Upa ← Uperta [ru],Upa ← Uperta [ru],356,9529,40,Oka near Suvorov,RUS,[note 171],[311]
-,-,-,,Unzha ← Kema [ru],Unzha ← Kema [ru],Unzha ← Kema [ru],Unzha ← Kema [ru],531,29156,158,Volga near Yuryevets,RUS,[note 172],[321]
-,-,-,,,Neya,Neya,Neya,253,6286,46,Unzha near Makaryev,RUS,,[322]
-,-,-,,Kostroma,Kostroma,Kostroma,Kostroma,354,19838,85,Gorky Reservoir in Kostroma,RUS,[note 157],[323]
-,-,-,,Sheksna ← Lake Beloye ← Kema,Sheksna ← Lake Beloye ← Kema,Sheksna ← Lake Beloye ← Kema,Sheksna ← Lake Beloye ← Kema,441,21419,172,Rybinsk Reservoir near Rybinsk,RUS,[note 173],[324]
-,-,-,,,Suda ← Nozhema [ru],Suda ← Nozhema [ru],Suda ← Nozhema [ru],261,13469,134,Rybinsk Reservoir near Cherepovets,RUS,[note 174],[325]
-,-,-,,Mologa,Mologa,Mologa,Mologa,456,30074,172,Rybinsk Reservoir near Rybinsk,RUS,[note 175],[326]
-,-,-,,,Chagodoshcha ← Lid [ru],Chagodoshcha ← Lid [ru],Chagodoshcha ← Lid [ru],286,9333,58,Mologa near Ustyuzhna,RUS,[note 176],[327]
-,-,-,,Medveditsa,Medveditsa,Medveditsa,Medveditsa,259,6384,41,Volga near Sknyatino,RUS,,[328]
36,90,-,Maly Uzen,Maly Uzen,Maly Uzen,Maly Uzen,Maly Uzen,638,11600,8,Kamysh-Samarskiye Lakes,KAZ RUS,[note 177],[2]
34,73,-,Bolshoy Uzen,Bolshoy Uzen,Bolshoy Uzen,Bolshoy Uzen,Bolshoy Uzen,650,15795,11,Kamysh-Samarskiye Lakes,KAZ RUS,,[2]
3,8,37,Ural,Ural,Ural,Ural,Ural,2428,210581,400,Caspian Sea in Atyrau,KAZ RUS,,[329][2]
-,-,-,,Chagan,Chagan,Chagan,Chagan,264,7530,7.7,Ural in Oral,KAZ RUS,,[330]
-,-,-,,Utva,Utva,Utva,Utva,290,6952,3.8,Ural,KAZ,,
-,-,-,,Ilek,Ilek,Ilek,Ilek,623,41875,40,Ural near Ilek,RUS KAZ,,[331]
-,-,-,,,Bolshaya Khobda [de] - Karakhobda,Bolshaya Khobda [de] - Karakhobda,Bolshaya Khobda [de] - Karakhobda,363,14666,14,Ilek,RUS KAZ,[note 178],[332]
-,-,-,,Sakmara,Sakmara,Sakmara,Sakmara,798,31040,144,Ural in Orenburg,RUS,,[333]
-,-,-,,,Bolshoy Ik,Bolshoy Ik,Bolshoy Ik,341,7651,61,Sakmara near Saraktash,RUS,,[334]
-,-,-,,Or,Or,Or,Or,332,18533,21,Ural near Orsk,RUS,,[335]
